Time,Action Type,Player Hand,Board,Cards Action,Wrong Actions,Reward,Score,Roles,Round Number,Player,Players Status
2020-02-29_16:30:23.715641,DEAL,"[3, 4, 5, 6, 7, 8, 8, 9, 9, 10, 10, 10, 10, 4, 4, 11, 12]_[1, 2, 2, 3, 4, 5, 6, 7, 7, 8, 9, 9, 9, 9, 10, 3, 11]_[11, 11, 5, 5, 6, 6, 7, 7, 7, 8, 8, 9, 10, 10, 10, 11, 11]_[11, 5, 6, 6, 7, 8, 8, 8, 9, 9, 10, 10, 11, 11, 11, 11, 12]",,,,,,,,,
2020-02-29_16:30:23.716103,ROLE_CHANGE,"[3, 4, 5, 6, 7, 8, 8, 9, 9, 10, 10, 10, 10, 4, 4, 11, 12]_[1, 2, 2, 3, 4, 5, 6, 7, 7, 8, 9, 9, 9, 9, 10, 3, 11]_[11, 11, 5, 5, 6, 6, 7, 7, 7, 8, 8, 9, 10, 10, 10, 11, 11]_[11, 5, 6, 6, 7, 8, 8, 8, 9, 9, 10, 10, 11, 11, 11, 11, 12]",,"__[4, 4]_3_11_[11, 11]",,,"[[0, 1, 3, 2]]","[0, 1, 3, 2]",,,
2020-02-29_16:30:23.725155,DISCARD,"[3, 4, 5, 6, 7, 8, 8, 9, 9, 10, 10, 10, 10, 4, 4, 11, 12]_[1, 2, 2, 3, 4, 5, 6, 7, 7, 8, 9, 9, 9, 9, 10, 3, 11]_[0, 0, 5, 5, 6, 6, 7, 7, 7, 8, 8, 9, 10, 10, 10, 11, 11]_[11, 5, 6, 6, 7, 8, 8, 8, 9, 9, 10, 10, 11, 11, 11, 11, 12]","[11, 11, 0, 0, 0, 0, 0, 0, 0, 0, 0]","[11, 11]",24,0.1,[],"[0, 1, 3, 2]",0,2,"__('Discard: ', [11, 11])_"
2020-02-29_16:30:23.740539,DISCARD,"[3, 4, 5, 6, 7, 8, 8, 9, 9, 10, 10, 10, 10, 4, 4, 11, 12]_[1, 2, 2, 3, 4, 5, 6, 7, 7, 8, 9, 9, 9, 9, 10, 3, 11]_[0, 0, 5, 5, 6, 6, 7, 7, 7, 8, 8, 9, 10, 10, 10, 11, 11]_[0, 0, 5, 6, 6, 7, 8, 9, 9, 10, 10, 11, 11, 11, 11, 11, 12]","[8, 8, 0, 0, 0, 0, 0, 0, 0, 0, 0]","[8, 8]",30,0.1,[],"[0, 1, 3, 2]",0,3,"__('Discard: ', [11, 11])_('Discard: ', [8, 8])"
2020-02-29_16:30:23.791907,DISCARD,"[0, 0, 0, 0, 3, 5, 6, 7, 8, 8, 9, 9, 10, 10, 10, 10, 11]_[1, 2, 2, 3, 4, 5, 6, 7, 7, 8, 9, 9, 9, 9, 10, 3, 11]_[0, 0, 5, 5, 6, 6, 7, 7, 7, 8, 8, 9, 10, 10, 10, 11, 11]_[0, 0, 5, 6, 6, 7, 8, 9, 9, 10, 10, 11, 11, 11, 11, 11, 12]","[4, 4, 4, 12, 0, 0, 0, 0, 0, 0, 0]","[4, 4, 4, 4, 12]",115,0.1,[],"[0, 1, 3, 2]",0,0,"('Discard: ', [4, 4, 4, 4, 12])__('Discard: ', [11, 11])_('Discard: ', [8, 8])"
2020-02-29_16:30:23.799510,PASS,"[0, 0, 0, 0, 3, 5, 6, 7, 8, 8, 9, 9, 10, 10, 10, 10, 11]_[1, 2, 2, 3, 4, 5, 6, 7, 7, 8, 9, 9, 9, 9, 10, 3, 11]_[0, 0, 5, 5, 6, 6, 7, 7, 7, 8, 8, 9, 10, 10, 10, 11, 11]_[0, 0, 5, 6, 6, 7, 8, 9, 9, 10, 10, 11, 11, 11, 11, 11, 12]","[4, 4, 4, 12, 0, 0, 0, 0, 0, 0, 0]",,25,0.1,[],"[0, 1, 3, 2]",0,1,"('Discard: ', [4, 4, 4, 4, 12])_Pass_('Discard: ', [11, 11])_('Discard: ', [8, 8])"
2020-02-29_16:30:23.826799,PASS,"[0, 0, 0, 0, 3, 5, 6, 7, 8, 8, 9, 9, 10, 10, 10, 10, 11]_[1, 2, 2, 3, 4, 5, 6, 7, 7, 8, 9, 9, 9, 9, 10, 3, 11]_[0, 0, 5, 5, 6, 6, 7, 7, 7, 8, 8, 9, 10, 10, 10, 11, 11]_[0, 0, 5, 6, 6, 7, 8, 9, 9, 10, 10, 11, 11, 11, 11, 11, 12]","[4, 4, 4, 12, 0, 0, 0, 0, 0, 0, 0]",,104,0.1,[],"[0, 1, 3, 2]",1,2,"('Discard: ', [4, 4, 4, 4, 12])_Pass_Pass_('Discard: ', [8, 8])"
2020-02-29_16:30:23.883781,PASS,"[0, 0, 0, 0, 3, 5, 6, 7, 8, 8, 9, 9, 10, 10, 10, 10, 11]_[1, 2, 2, 3, 4, 5, 6, 7, 7, 8, 9, 9, 9, 9, 10, 3, 11]_[0, 0, 5, 5, 6, 6, 7, 7, 7, 8, 8, 9, 10, 10, 10, 11, 11]_[0, 0, 5, 6, 6, 7, 8, 9, 9, 10, 10, 11, 11, 11, 11, 11, 12]","[4, 4, 4, 12, 0, 0, 0, 0, 0, 0, 0]",,165,0.1,[],"[0, 1, 3, 2]",1,3,"('Discard: ', [4, 4, 4, 4, 12])_Pass_Pass_Pass"
2020-02-29_16:30:23.889981,PASS,"[0, 0, 0, 0, 3, 5, 6, 7, 8, 8, 9, 9, 10, 10, 10, 10, 11]_[1, 2, 2, 3, 4, 5, 6, 7, 7, 8, 9, 9, 9, 9, 10, 3, 11]_[0, 0, 5, 5, 6, 6, 7, 7, 7, 8, 8, 9, 10, 10, 10, 11, 11]_[0, 0, 5, 6, 6, 7, 8, 9, 9, 10, 10, 11, 11, 11, 11, 11, 12]","[4, 4, 4, 12, 0, 0, 0, 0, 0, 0, 0]",,21,0.1,[],"[0, 1, 3, 2]",1,0,Pass_Pass_Pass_Pass
2020-02-29_16:30:23.892840,PASS,"[0, 0, 0, 0, 3, 5, 6, 7, 8, 8, 9, 9, 10, 10, 10, 10, 11]_[1, 2, 2, 3, 4, 5, 6, 7, 7, 8, 9, 9, 9, 9, 10, 3, 11]_[0, 0, 5, 5, 6, 6, 7, 7, 7, 8, 8, 9, 10, 10, 10, 11, 11]_[0, 0, 5, 6, 6, 7, 8, 9, 9, 10, 10, 11, 11, 11, 11, 11, 12]","[4, 4, 4, 12, 0, 0, 0, 0, 0, 0, 0]",,8,0.1,[],"[0, 1, 3, 2]",1,1,Pass_Pass_Pass_Pass
2020-02-29_16:30:23.892916,PIZZA_READY,"[0, 0, 0, 0, 3, 5, 6, 7, 8, 8, 9, 9, 10, 10, 10, 10, 11]_[1, 2, 2, 3, 4, 5, 6, 7, 7, 8, 9, 9, 9, 9, 10, 3, 11]_[0, 0, 5, 5, 6, 6, 7, 7, 7, 8, 8, 9, 10, 10, 10, 11, 11]_[0, 0, 5, 6, 6, 7, 8, 9, 9, 10, 10, 11, 11, 11, 11, 11, 12]","[13, 0, 0, 0, 0, 0, 0, 0, 0, 0, 0]",,,,[],"[0, 1, 3, 2]",2,,Pass_Pass_Pass_Pass
2020-02-29_16:30:23.893693,DISCARD,"[0, 0, 0, 0, 0, 3, 5, 7, 8, 8, 9, 9, 10, 10, 10, 10, 11]_[1, 2, 2, 3, 4, 5, 6, 7, 7, 8, 9, 9, 9, 9, 10, 3, 11]_[0, 0, 5, 5, 6, 6, 7, 7, 7, 8, 8, 9, 10, 10, 10, 11, 11]_[0, 0, 5, 6, 6, 7, 8, 9, 9, 10, 10, 11, 11, 11, 11, 11, 12]","[6, 0, 0, 0, 0, 0, 0, 0, 0, 0, 0]",[6],0,0.1,[],"[0, 1, 3, 2]",2,0,"('Discard: ', [6])_Pass_Pass_Pass"
2020-02-29_16:30:23.914825,DISCARD,"[0, 0, 0, 0, 0, 3, 5, 7, 8, 8, 9, 9, 10, 10, 10, 10, 11]_[0, 1, 2, 3, 3, 4, 5, 6, 7, 7, 8, 9, 9, 9, 9, 10, 11]_[0, 0, 5, 5, 6, 6, 7, 7, 7, 8, 8, 9, 10, 10, 10, 11, 11]_[0, 0, 5, 6, 6, 7, 8, 9, 9, 10, 10, 11, 11, 11, 11, 11, 12]","[2, 0, 0, 0, 0, 0, 0, 0, 0, 0, 0]",[2],70,0.1,[],"[0, 1, 3, 2]",2,1,"('Discard: ', [6])_('Discard: ', [2])_Pass_Pass"
2020-02-29_16:30:23.916920,PASS,"[0, 0, 0, 0, 0, 3, 5, 7, 8, 8, 9, 9, 10, 10, 10, 10, 11]_[0, 1, 2, 3, 3, 4, 5, 6, 7, 7, 8, 9, 9, 9, 9, 10, 11]_[0, 0, 5, 5, 6, 6, 7, 7, 7, 8, 8, 9, 10, 10, 10, 11, 11]_[0, 0, 5, 6, 6, 7, 8, 9, 9, 10, 10, 11, 11, 11, 11, 11, 12]","[2, 0, 0, 0, 0, 0, 0, 0, 0, 0, 0]",,6,0.1,[],"[0, 1, 3, 2]",2,2,"('Discard: ', [6])_('Discard: ', [2])_Pass_Pass"
2020-02-29_16:30:23.994854,PASS,"[0, 0, 0, 0, 0, 3, 5, 7, 8, 8, 9, 9, 10, 10, 10, 10, 11]_[0, 1, 2, 3, 3, 4, 5, 6, 7, 7, 8, 9, 9, 9, 9, 10, 11]_[0, 0, 5, 5, 6, 6, 7, 7, 7, 8, 8, 9, 10, 10, 10, 11, 11]_[0, 0, 5, 6, 6, 7, 8, 9, 9, 10, 10, 11, 11, 11, 11, 11, 12]","[2, 0, 0, 0, 0, 0, 0, 0, 0, 0, 0]",,232,0.1,[],"[0, 1, 3, 2]",2,3,"('Discard: ', [6])_('Discard: ', [2])_Pass_Pass"
2020-02-29_16:30:24.025583,PASS,"[0, 0, 0, 0, 0, 3, 5, 7, 8, 8, 9, 9, 10, 10, 10, 10, 11]_[0, 1, 2, 3, 3, 4, 5, 6, 7, 7, 8, 9, 9, 9, 9, 10, 11]_[0, 0, 5, 5, 6, 6, 7, 7, 7, 8, 8, 9, 10, 10, 10, 11, 11]_[0, 0, 5, 6, 6, 7, 8, 9, 9, 10, 10, 11, 11, 11, 11, 11, 12]","[2, 0, 0, 0, 0, 0, 0, 0, 0, 0, 0]",,122,0.1,[],"[0, 1, 3, 2]",3,0,"Pass_('Discard: ', [2])_Pass_Pass"
2020-02-29_16:30:24.123485,DISCARD,"[0, 0, 0, 0, 0, 3, 5, 7, 8, 8, 9, 9, 10, 10, 10, 10, 11]_[0, 0, 2, 3, 3, 4, 5, 6, 7, 7, 8, 9, 9, 9, 9, 10, 11]_[0, 0, 5, 5, 6, 6, 7, 7, 7, 8, 8, 9, 10, 10, 10, 11, 11]_[0, 0, 5, 6, 6, 7, 8, 9, 9, 10, 10, 11, 11, 11, 11, 11, 12]","[1, 0, 0, 0, 0, 0, 0, 0, 0, 0, 0]",[1],352,0.1,[],"[0, 1, 3, 2]",3,1,"Pass_('Discard: ', [1])_Pass_Pass"
2020-02-29_16:30:24.184050,PASS,"[0, 0, 0, 0, 0, 3, 5, 7, 8, 8, 9, 9, 10, 10, 10, 10, 11]_[0, 0, 2, 3, 3, 4, 5, 6, 7, 7, 8, 9, 9, 9, 9, 10, 11]_[0, 0, 5, 5, 6, 6, 7, 7, 7, 8, 8, 9, 10, 10, 10, 11, 11]_[0, 0, 5, 6, 6, 7, 8, 9, 9, 10, 10, 11, 11, 11, 11, 11, 12]","[1, 0, 0, 0, 0, 0, 0, 0, 0, 0, 0]",,241,0.1,[],"[0, 1, 3, 2]",3,2,"Pass_('Discard: ', [1])_Pass_Pass"
2020-02-29_16:30:24.305410,PASS,"[0, 0, 0, 0, 0, 3, 5, 7, 8, 8, 9, 9, 10, 10, 10, 10, 11]_[0, 0, 2, 3, 3, 4, 5, 6, 7, 7, 8, 9, 9, 9, 9, 10, 11]_[0, 0, 5, 5, 6, 6, 7, 7, 7, 8, 8, 9, 10, 10, 10, 11, 11]_[0, 0, 5, 6, 6, 7, 8, 9, 9, 10, 10, 11, 11, 11, 11, 11, 12]","[1, 0, 0, 0, 0, 0, 0, 0, 0, 0, 0]",,362,0.1,[],"[0, 1, 3, 2]",3,3,"Pass_('Discard: ', [1])_Pass_Pass"
2020-02-29_16:30:24.337020,PASS,"[0, 0, 0, 0, 0, 3, 5, 7, 8, 8, 9, 9, 10, 10, 10, 10, 11]_[0, 0, 2, 3, 3, 4, 5, 6, 7, 7, 8, 9, 9, 9, 9, 10, 11]_[0, 0, 5, 5, 6, 6, 7, 7, 7, 8, 8, 9, 10, 10, 10, 11, 11]_[0, 0, 5, 6, 6, 7, 8, 9, 9, 10, 10, 11, 11, 11, 11, 11, 12]","[1, 0, 0, 0, 0, 0, 0, 0, 0, 0, 0]",,128,0.1,[],"[0, 1, 3, 2]",4,0,"Pass_('Discard: ', [1])_Pass_Pass"
2020-02-29_16:30:24.338395,PASS,"[0, 0, 0, 0, 0, 3, 5, 7, 8, 8, 9, 9, 10, 10, 10, 10, 11]_[0, 0, 2, 3, 3, 4, 5, 6, 7, 7, 8, 9, 9, 9, 9, 10, 11]_[0, 0, 5, 5, 6, 6, 7, 7, 7, 8, 8, 9, 10, 10, 10, 11, 11]_[0, 0, 5, 6, 6, 7, 8, 9, 9, 10, 10, 11, 11, 11, 11, 11, 12]","[1, 0, 0, 0, 0, 0, 0, 0, 0, 0, 0]",,3,0.1,[],"[0, 1, 3, 2]",4,1,Pass_Pass_Pass_Pass
2020-02-29_16:30:24.409222,PASS,"[0, 0, 0, 0, 0, 3, 5, 7, 8, 8, 9, 9, 10, 10, 10, 10, 11]_[0, 0, 2, 3, 3, 4, 5, 6, 7, 7, 8, 9, 9, 9, 9, 10, 11]_[0, 0, 5, 5, 6, 6, 7, 7, 7, 8, 8, 9, 10, 10, 10, 11, 11]_[0, 0, 5, 6, 6, 7, 8, 9, 9, 10, 10, 11, 11, 11, 11, 11, 12]","[1, 0, 0, 0, 0, 0, 0, 0, 0, 0, 0]",,279,0.1,[],"[0, 1, 3, 2]",4,2,Pass_Pass_Pass_Pass
2020-02-29_16:30:24.432219,PASS,"[0, 0, 0, 0, 0, 3, 5, 7, 8, 8, 9, 9, 10, 10, 10, 10, 11]_[0, 0, 2, 3, 3, 4, 5, 6, 7, 7, 8, 9, 9, 9, 9, 10, 11]_[0, 0, 5, 5, 6, 6, 7, 7, 7, 8, 8, 9, 10, 10, 10, 11, 11]_[0, 0, 5, 6, 6, 7, 8, 9, 9, 10, 10, 11, 11, 11, 11, 11, 12]","[1, 0, 0, 0, 0, 0, 0, 0, 0, 0, 0]",,70,0.1,[],"[0, 1, 3, 2]",4,3,Pass_Pass_Pass_Pass
2020-02-29_16:30:24.432298,PIZZA_READY,"[0, 0, 0, 0, 0, 3, 5, 7, 8, 8, 9, 9, 10, 10, 10, 10, 11]_[0, 0, 2, 3, 3, 4, 5, 6, 7, 7, 8, 9, 9, 9, 9, 10, 11]_[0, 0, 5, 5, 6, 6, 7, 7, 7, 8, 8, 9, 10, 10, 10, 11, 11]_[0, 0, 5, 6, 6, 7, 8, 9, 9, 10, 10, 11, 11, 11, 11, 11, 12]","[13, 0, 0, 0, 0, 0, 0, 0, 0, 0, 0]",,,,[],"[0, 1, 3, 2]",5,,Pass_Pass_Pass_Pass
2020-02-29_16:30:24.444860,DISCARD,"[0, 0, 0, 0, 0, 3, 5, 7, 8, 8, 9, 9, 10, 10, 10, 10, 11]_[0, 0, 0, 2, 3, 3, 4, 5, 6, 7, 8, 9, 9, 9, 9, 10, 11]_[0, 0, 5, 5, 6, 6, 7, 7, 7, 8, 8, 9, 10, 10, 10, 11, 11]_[0, 0, 5, 6, 6, 7, 8, 9, 9, 10, 10, 11, 11, 11, 11, 11, 12]","[7, 0, 0, 0, 0, 0, 0, 0, 0, 0, 0]",[7],31,0.1,[],"[0, 1, 3, 2]",5,1,"Pass_('Discard: ', [7])_Pass_Pass"
2020-02-29_16:30:24.452240,DISCARD,"[0, 0, 0, 0, 0, 3, 5, 7, 8, 8, 9, 9, 10, 10, 10, 10, 11]_[0, 0, 0, 2, 3, 3, 4, 5, 6, 7, 8, 9, 9, 9, 9, 10, 11]_[0, 0, 0, 5, 6, 6, 7, 7, 7, 8, 8, 9, 10, 10, 10, 11, 11]_[0, 0, 5, 6, 6, 7, 8, 9, 9, 10, 10, 11, 11, 11, 11, 11, 12]","[5, 0, 0, 0, 0, 0, 0, 0, 0, 0, 0]",[5],24,0.1,[],"[0, 1, 3, 2]",5,2,"Pass_('Discard: ', [7])_('Discard: ', [5])_Pass"
2020-02-29_16:30:24.503076,PASS,"[0, 0, 0, 0, 0, 3, 5, 7, 8, 8, 9, 9, 10, 10, 10, 10, 11]_[0, 0, 0, 2, 3, 3, 4, 5, 6, 7, 8, 9, 9, 9, 9, 10, 11]_[0, 0, 0, 5, 6, 6, 7, 7, 7, 8, 8, 9, 10, 10, 10, 11, 11]_[0, 0, 5, 6, 6, 7, 8, 9, 9, 10, 10, 11, 11, 11, 11, 11, 12]","[5, 0, 0, 0, 0, 0, 0, 0, 0, 0, 0]",,143,0.1,[],"[0, 1, 3, 2]",5,3,"Pass_('Discard: ', [7])_('Discard: ', [5])_Pass"
2020-02-29_16:30:24.590181,DISCARD,"[0, 0, 0, 0, 0, 0, 5, 7, 8, 8, 9, 9, 10, 10, 10, 10, 11]_[0, 0, 0, 2, 3, 3, 4, 5, 6, 7, 8, 9, 9, 9, 9, 10, 11]_[0, 0, 0, 5, 6, 6, 7, 7, 7, 8, 8, 9, 10, 10, 10, 11, 11]_[0, 0, 5, 6, 6, 7, 8, 9, 9, 10, 10, 11, 11, 11, 11, 11, 12]","[3, 0, 0, 0, 0, 0, 0, 0, 0, 0, 0]",[3],314,0.1,[],"[0, 1, 3, 2]",5,0,"('Discard: ', [3])_('Discard: ', [7])_('Discard: ', [5])_Pass"
2020-02-29_16:30:24.687973,DISCARD,"[0, 0, 0, 0, 0, 0, 5, 7, 8, 8, 9, 9, 10, 10, 10, 10, 11]_[0, 0, 0, 0, 3, 3, 4, 5, 6, 7, 8, 9, 9, 9, 9, 10, 11]_[0, 0, 0, 5, 6, 6, 7, 7, 7, 8, 8, 9, 10, 10, 10, 11, 11]_[0, 0, 5, 6, 6, 7, 8, 9, 9, 10, 10, 11, 11, 11, 11, 11, 12]","[2, 0, 0, 0, 0, 0, 0, 0, 0, 0, 0]",[2],348,0.1,[],"[0, 1, 3, 2]",6,1,"('Discard: ', [3])_('Discard: ', [2])_('Discard: ', [5])_Pass"
2020-02-29_16:30:24.733975,PASS,"[0, 0, 0, 0, 0, 0, 5, 7, 8, 8, 9, 9, 10, 10, 10, 10, 11]_[0, 0, 0, 0, 3, 3, 4, 5, 6, 7, 8, 9, 9, 9, 9, 10, 11]_[0, 0, 0, 5, 6, 6, 7, 7, 7, 8, 8, 9, 10, 10, 10, 11, 11]_[0, 0, 5, 6, 6, 7, 8, 9, 9, 10, 10, 11, 11, 11, 11, 11, 12]","[2, 0, 0, 0, 0, 0, 0, 0, 0, 0, 0]",,184,0.1,[],"[0, 1, 3, 2]",6,2,"('Discard: ', [3])_('Discard: ', [2])_Pass_Pass"
2020-02-29_16:30:24.763255,PASS,"[0, 0, 0, 0, 0, 0, 5, 7, 8, 8, 9, 9, 10, 10, 10, 10, 11]_[0, 0, 0, 0, 3, 3, 4, 5, 6, 7, 8, 9, 9, 9, 9, 10, 11]_[0, 0, 0, 5, 6, 6, 7, 7, 7, 8, 8, 9, 10, 10, 10, 11, 11]_[0, 0, 5, 6, 6, 7, 8, 9, 9, 10, 10, 11, 11, 11, 11, 11, 12]","[2, 0, 0, 0, 0, 0, 0, 0, 0, 0, 0]",,88,0.1,[],"[0, 1, 3, 2]",6,3,"('Discard: ', [3])_('Discard: ', [2])_Pass_Pass"
2020-02-29_16:30:24.849322,PASS,"[0, 0, 0, 0, 0, 0, 5, 7, 8, 8, 9, 9, 10, 10, 10, 10, 11]_[0, 0, 0, 0, 3, 3, 4, 5, 6, 7, 8, 9, 9, 9, 9, 10, 11]_[0, 0, 0, 5, 6, 6, 7, 7, 7, 8, 8, 9, 10, 10, 10, 11, 11]_[0, 0, 5, 6, 6, 7, 8, 9, 9, 10, 10, 11, 11, 11, 11, 11, 12]","[2, 0, 0, 0, 0, 0, 0, 0, 0, 0, 0]",,331,0.1,[],"[0, 1, 3, 2]",6,0,"Pass_('Discard: ', [2])_Pass_Pass"
2020-02-29_16:30:24.909492,PASS,"[0, 0, 0, 0, 0, 0, 5, 7, 8, 8, 9, 9, 10, 10, 10, 10, 11]_[0, 0, 0, 0, 3, 3, 4, 5, 6, 7, 8, 9, 9, 9, 9, 10, 11]_[0, 0, 0, 5, 6, 6, 7, 7, 7, 8, 8, 9, 10, 10, 10, 11, 11]_[0, 0, 5, 6, 6, 7, 8, 9, 9, 10, 10, 11, 11, 11, 11, 11, 12]","[2, 0, 0, 0, 0, 0, 0, 0, 0, 0, 0]",,239,0.1,[],"[0, 1, 3, 2]",7,1,Pass_Pass_Pass_Pass
2020-02-29_16:30:24.920546,PASS,"[0, 0, 0, 0, 0, 0, 5, 7, 8, 8, 9, 9, 10, 10, 10, 10, 11]_[0, 0, 0, 0, 3, 3, 4, 5, 6, 7, 8, 9, 9, 9, 9, 10, 11]_[0, 0, 0, 5, 6, 6, 7, 7, 7, 8, 8, 9, 10, 10, 10, 11, 11]_[0, 0, 5, 6, 6, 7, 8, 9, 9, 10, 10, 11, 11, 11, 11, 11, 12]","[2, 0, 0, 0, 0, 0, 0, 0, 0, 0, 0]",,43,0.1,[],"[0, 1, 3, 2]",7,2,Pass_Pass_Pass_Pass
2020-02-29_16:30:24.999249,PASS,"[0, 0, 0, 0, 0, 0, 5, 7, 8, 8, 9, 9, 10, 10, 10, 10, 11]_[0, 0, 0, 0, 3, 3, 4, 5, 6, 7, 8, 9, 9, 9, 9, 10, 11]_[0, 0, 0, 5, 6, 6, 7, 7, 7, 8, 8, 9, 10, 10, 10, 11, 11]_[0, 0, 5, 6, 6, 7, 8, 9, 9, 10, 10, 11, 11, 11, 11, 11, 12]","[2, 0, 0, 0, 0, 0, 0, 0, 0, 0, 0]",,247,0.1,[],"[0, 1, 3, 2]",7,3,Pass_Pass_Pass_Pass
2020-02-29_16:30:25.052570,PASS,"[0, 0, 0, 0, 0, 0, 5, 7, 8, 8, 9, 9, 10, 10, 10, 10, 11]_[0, 0, 0, 0, 3, 3, 4, 5, 6, 7, 8, 9, 9, 9, 9, 10, 11]_[0, 0, 0, 5, 6, 6, 7, 7, 7, 8, 8, 9, 10, 10, 10, 11, 11]_[0, 0, 5, 6, 6, 7, 8, 9, 9, 10, 10, 11, 11, 11, 11, 11, 12]","[2, 0, 0, 0, 0, 0, 0, 0, 0, 0, 0]",,214,0.1,[],"[0, 1, 3, 2]",7,0,Pass_Pass_Pass_Pass
2020-02-29_16:30:25.052649,PIZZA_READY,"[0, 0, 0, 0, 0, 0, 5, 7, 8, 8, 9, 9, 10, 10, 10, 10, 11]_[0, 0, 0, 0, 3, 3, 4, 5, 6, 7, 8, 9, 9, 9, 9, 10, 11]_[0, 0, 0, 5, 6, 6, 7, 7, 7, 8, 8, 9, 10, 10, 10, 11, 11]_[0, 0, 5, 6, 6, 7, 8, 9, 9, 10, 10, 11, 11, 11, 11, 11, 12]","[13, 0, 0, 0, 0, 0, 0, 0, 0, 0, 0]",,,,[],"[0, 1, 3, 2]",8,,Pass_Pass_Pass_Pass
2020-02-29_16:30:25.055893,DISCARD,"[0, 0, 0, 0, 0, 0, 5, 7, 8, 8, 9, 9, 10, 10, 10, 10, 11]_[0, 0, 0, 0, 0, 3, 3, 4, 5, 6, 7, 8, 9, 9, 9, 10, 11]_[0, 0, 0, 5, 6, 6, 7, 7, 7, 8, 8, 9, 10, 10, 10, 11, 11]_[0, 0, 5, 6, 6, 7, 8, 9, 9, 10, 10, 11, 11, 11, 11, 11, 12]","[9, 0, 0, 0, 0, 0, 0, 0, 0, 0, 0]",[9],5,0.1,[],"[0, 1, 3, 2]",8,1,"Pass_('Discard: ', [9])_Pass_Pass"
2020-02-29_16:30:25.073160,DISCARD,"[0, 0, 0, 0, 0, 0, 5, 7, 8, 8, 9, 9, 10, 10, 10, 10, 11]_[0, 0, 0, 0, 0, 3, 3, 4, 5, 6, 7, 8, 9, 9, 9, 10, 11]_[0, 0, 0, 0, 0, 0, 5, 6, 6, 8, 8, 9, 10, 10, 10, 11, 11]_[0, 0, 5, 6, 6, 7, 8, 9, 9, 10, 10, 11, 11, 11, 11, 11, 12]","[7, 7, 7, 0, 0, 0, 0, 0, 0, 0, 0]","[7, 7, 7]",54,0.1,[],"[0, 1, 3, 2]",8,2,"Pass_('Discard: ', [9])_('Discard: ', [7, 7, 7])_Pass"
2020-02-29_16:30:25.170689,DISCARD,"[0, 0, 0, 0, 0, 0, 5, 7, 8, 8, 9, 9, 10, 10, 10, 10, 11]_[0, 0, 0, 0, 0, 3, 3, 4, 5, 6, 7, 8, 9, 9, 9, 10, 11]_[0, 0, 0, 0, 0, 0, 5, 6, 6, 8, 8, 9, 10, 10, 10, 11, 11]_[0, 0, 0, 0, 0, 5, 7, 8, 9, 9, 10, 10, 11, 11, 11, 11, 11]","[6, 6, 12, 0, 0, 0, 0, 0, 0, 0, 0]","[6, 6, 6, 12]",236,0.1,[],"[0, 1, 3, 2]",8,3,"Pass_('Discard: ', [9])_('Discard: ', [7, 7, 7])_('Discard: ', [6, 6, 6, 12])"
2020-02-29_16:30:25.259813,PASS,"[0, 0, 0, 0, 0, 0, 5, 7, 8, 8, 9, 9, 10, 10, 10, 10, 11]_[0, 0, 0, 0, 0, 3, 3, 4, 5, 6, 7, 8, 9, 9, 9, 10, 11]_[0, 0, 0, 0, 0, 0, 5, 6, 6, 8, 8, 9, 10, 10, 10, 11, 11]_[0, 0, 0, 0, 0, 5, 7, 8, 9, 9, 10, 10, 11, 11, 11, 11, 11]","[6, 6, 12, 0, 0, 0, 0, 0, 0, 0, 0]",,313,0.1,[],"[0, 1, 3, 2]",8,0,"Pass_('Discard: ', [9])_('Discard: ', [7, 7, 7])_('Discard: ', [6, 6, 6, 12])"
2020-02-29_16:30:25.323102,PASS,"[0, 0, 0, 0, 0, 0, 5, 7, 8, 8, 9, 9, 10, 10, 10, 10, 11]_[0, 0, 0, 0, 0, 3, 3, 4, 5, 6, 7, 8, 9, 9, 9, 10, 11]_[0, 0, 0, 0, 0, 0, 5, 6, 6, 8, 8, 9, 10, 10, 10, 11, 11]_[0, 0, 0, 0, 0, 5, 7, 8, 9, 9, 10, 10, 11, 11, 11, 11, 11]","[6, 6, 12, 0, 0, 0, 0, 0, 0, 0, 0]",,223,0.1,[],"[0, 1, 3, 2]",9,1,"Pass_Pass_('Discard: ', [7, 7, 7])_('Discard: ', [6, 6, 6, 12])"
2020-02-29_16:30:25.349736,PASS,"[0, 0, 0, 0, 0, 0, 5, 7, 8, 8, 9, 9, 10, 10, 10, 10, 11]_[0, 0, 0, 0, 0, 3, 3, 4, 5, 6, 7, 8, 9, 9, 9, 10, 11]_[0, 0, 0, 0, 0, 0, 5, 6, 6, 8, 8, 9, 10, 10, 10, 11, 11]_[0, 0, 0, 0, 0, 5, 7, 8, 9, 9, 10, 10, 11, 11, 11, 11, 11]","[6, 6, 12, 0, 0, 0, 0, 0, 0, 0, 0]",,97,0.1,[],"[0, 1, 3, 2]",9,2,"Pass_Pass_Pass_('Discard: ', [6, 6, 6, 12])"
2020-02-29_16:30:25.404894,PASS,"[0, 0, 0, 0, 0, 0, 5, 7, 8, 8, 9, 9, 10, 10, 10, 10, 11]_[0, 0, 0, 0, 0, 3, 3, 4, 5, 6, 7, 8, 9, 9, 9, 10, 11]_[0, 0, 0, 0, 0, 0, 5, 6, 6, 8, 8, 9, 10, 10, 10, 11, 11]_[0, 0, 0, 0, 0, 5, 7, 8, 9, 9, 10, 10, 11, 11, 11, 11, 11]","[6, 6, 12, 0, 0, 0, 0, 0, 0, 0, 0]",,204,0.1,[],"[0, 1, 3, 2]",9,3,Pass_Pass_Pass_Pass
2020-02-29_16:30:25.435919,PASS,"[0, 0, 0, 0, 0, 0, 5, 7, 8, 8, 9, 9, 10, 10, 10, 10, 11]_[0, 0, 0, 0, 0, 3, 3, 4, 5, 6, 7, 8, 9, 9, 9, 10, 11]_[0, 0, 0, 0, 0, 0, 5, 6, 6, 8, 8, 9, 10, 10, 10, 11, 11]_[0, 0, 0, 0, 0, 5, 7, 8, 9, 9, 10, 10, 11, 11, 11, 11, 11]","[6, 6, 12, 0, 0, 0, 0, 0, 0, 0, 0]",,115,0.1,[],"[0, 1, 3, 2]",9,0,Pass_Pass_Pass_Pass
2020-02-29_16:30:25.435996,PIZZA_READY,"[0, 0, 0, 0, 0, 0, 5, 7, 8, 8, 9, 9, 10, 10, 10, 10, 11]_[0, 0, 0, 0, 0, 3, 3, 4, 5, 6, 7, 8, 9, 9, 9, 10, 11]_[0, 0, 0, 0, 0, 0, 5, 6, 6, 8, 8, 9, 10, 10, 10, 11, 11]_[0, 0, 0, 0, 0, 5, 7, 8, 9, 9, 10, 10, 11, 11, 11, 11, 11]","[13, 0, 0, 0, 0, 0, 0, 0, 0, 0, 0]",,,,[],"[0, 1, 3, 2]",10,,Pass_Pass_Pass_Pass
2020-02-29_16:30:25.437724,DISCARD,"[0, 0, 0, 0, 0, 0, 5, 7, 8, 8, 9, 9, 10, 10, 10, 10, 11]_[0, 0, 0, 0, 0, 3, 3, 4, 5, 6, 7, 8, 9, 9, 9, 10, 11]_[0, 0, 0, 0, 0, 0, 5, 6, 6, 8, 8, 9, 10, 10, 10, 11, 11]_[0, 0, 0, 0, 0, 0, 7, 8, 9, 9, 10, 10, 11, 11, 11, 11, 11]","[5, 0, 0, 0, 0, 0, 0, 0, 0, 0, 0]",[5],3,0.1,[],"[0, 1, 3, 2]",10,3,"Pass_Pass_Pass_('Discard: ', [5])"
2020-02-29_16:30:25.451392,PASS,"[0, 0, 0, 0, 0, 0, 5, 7, 8, 8, 9, 9, 10, 10, 10, 10, 11]_[0, 0, 0, 0, 0, 3, 3, 4, 5, 6, 7, 8, 9, 9, 9, 10, 11]_[0, 0, 0, 0, 0, 0, 5, 6, 6, 8, 8, 9, 10, 10, 10, 11, 11]_[0, 0, 0, 0, 0, 0, 7, 8, 9, 9, 10, 10, 11, 11, 11, 11, 11]","[5, 0, 0, 0, 0, 0, 0, 0, 0, 0, 0]",,52,0.1,[],"[0, 1, 3, 2]",10,0,"Pass_Pass_Pass_('Discard: ', [5])"
2020-02-29_16:30:25.469475,DISCARD,"[0, 0, 0, 0, 0, 0, 5, 7, 8, 8, 9, 9, 10, 10, 10, 10, 11]_[0, 0, 0, 0, 0, 0, 0, 4, 5, 6, 7, 8, 9, 9, 9, 10, 11]_[0, 0, 0, 0, 0, 0, 5, 6, 6, 8, 8, 9, 10, 10, 10, 11, 11]_[0, 0, 0, 0, 0, 0, 7, 8, 9, 9, 10, 10, 11, 11, 11, 11, 11]","[3, 3, 0, 0, 0, 0, 0, 0, 0, 0, 0]","[3, 3]",66,0.1,[],"[0, 1, 3, 2]",10,1,"Pass_('Discard: ', [3, 3])_Pass_('Discard: ', [5])"
2020-02-29_16:30:25.505646,PASS,"[0, 0, 0, 0, 0, 0, 5, 7, 8, 8, 9, 9, 10, 10, 10, 10, 11]_[0, 0, 0, 0, 0, 0, 0, 4, 5, 6, 7, 8, 9, 9, 9, 10, 11]_[0, 0, 0, 0, 0, 0, 5, 6, 6, 8, 8, 9, 10, 10, 10, 11, 11]_[0, 0, 0, 0, 0, 0, 7, 8, 9, 9, 10, 10, 11, 11, 11, 11, 11]","[3, 3, 0, 0, 0, 0, 0, 0, 0, 0, 0]",,139,0.1,[],"[0, 1, 3, 2]",10,2,"Pass_('Discard: ', [3, 3])_Pass_('Discard: ', [5])"
2020-02-29_16:30:25.583723,PASS,"[0, 0, 0, 0, 0, 0, 5, 7, 8, 8, 9, 9, 10, 10, 10, 10, 11]_[0, 0, 0, 0, 0, 0, 0, 4, 5, 6, 7, 8, 9, 9, 9, 10, 11]_[0, 0, 0, 0, 0, 0, 5, 6, 6, 8, 8, 9, 10, 10, 10, 11, 11]_[0, 0, 0, 0, 0, 0, 7, 8, 9, 9, 10, 10, 11, 11, 11, 11, 11]","[3, 3, 0, 0, 0, 0, 0, 0, 0, 0, 0]",,302,0.1,[],"[0, 1, 3, 2]",11,3,"Pass_('Discard: ', [3, 3])_Pass_Pass"
2020-02-29_16:30:25.650179,PASS,"[0, 0, 0, 0, 0, 0, 5, 7, 8, 8, 9, 9, 10, 10, 10, 10, 11]_[0, 0, 0, 0, 0, 0, 0, 4, 5, 6, 7, 8, 9, 9, 9, 10, 11]_[0, 0, 0, 0, 0, 0, 5, 6, 6, 8, 8, 9, 10, 10, 10, 11, 11]_[0, 0, 0, 0, 0, 0, 7, 8, 9, 9, 10, 10, 11, 11, 11, 11, 11]","[3, 3, 0, 0, 0, 0, 0, 0, 0, 0, 0]",,264,0.1,[],"[0, 1, 3, 2]",11,0,"Pass_('Discard: ', [3, 3])_Pass_Pass"
2020-02-29_16:30:25.697932,PASS,"[0, 0, 0, 0, 0, 0, 5, 7, 8, 8, 9, 9, 10, 10, 10, 10, 11]_[0, 0, 0, 0, 0, 0, 0, 4, 5, 6, 7, 8, 9, 9, 9, 10, 11]_[0, 0, 0, 0, 0, 0, 5, 6, 6, 8, 8, 9, 10, 10, 10, 11, 11]_[0, 0, 0, 0, 0, 0, 7, 8, 9, 9, 10, 10, 11, 11, 11, 11, 11]","[3, 3, 0, 0, 0, 0, 0, 0, 0, 0, 0]",,187,0.1,[],"[0, 1, 3, 2]",11,1,Pass_Pass_Pass_Pass
2020-02-29_16:30:25.776607,PASS,"[0, 0, 0, 0, 0, 0, 5, 7, 8, 8, 9, 9, 10, 10, 10, 10, 11]_[0, 0, 0, 0, 0, 0, 0, 4, 5, 6, 7, 8, 9, 9, 9, 10, 11]_[0, 0, 0, 0, 0, 0, 5, 6, 6, 8, 8, 9, 10, 10, 10, 11, 11]_[0, 0, 0, 0, 0, 0, 7, 8, 9, 9, 10, 10, 11, 11, 11, 11, 11]","[3, 3, 0, 0, 0, 0, 0, 0, 0, 0, 0]",,302,0.1,[],"[0, 1, 3, 2]",11,2,Pass_Pass_Pass_Pass
2020-02-29_16:30:25.776688,PIZZA_READY,"[0, 0, 0, 0, 0, 0, 5, 7, 8, 8, 9, 9, 10, 10, 10, 10, 11]_[0, 0, 0, 0, 0, 0, 0, 4, 5, 6, 7, 8, 9, 9, 9, 10, 11]_[0, 0, 0, 0, 0, 0, 5, 6, 6, 8, 8, 9, 10, 10, 10, 11, 11]_[0, 0, 0, 0, 0, 0, 7, 8, 9, 9, 10, 10, 11, 11, 11, 11, 11]","[13, 0, 0, 0, 0, 0, 0, 0, 0, 0, 0]",,,,[],"[0, 1, 3, 2]",12,,Pass_Pass_Pass_Pass
2020-02-29_16:30:25.784833,DISCARD,"[0, 0, 0, 0, 0, 0, 5, 7, 8, 8, 9, 9, 10, 10, 10, 10, 11]_[0, 0, 0, 0, 0, 0, 0, 0, 0, 4, 5, 6, 7, 8, 9, 10, 11]_[0, 0, 0, 0, 0, 0, 5, 6, 6, 8, 8, 9, 10, 10, 10, 11, 11]_[0, 0, 0, 0, 0, 0, 7, 8, 9, 9, 10, 10, 11, 11, 11, 11, 11]","[9, 9, 0, 0, 0, 0, 0, 0, 0, 0, 0]","[9, 9]",22,0.1,[],"[0, 1, 3, 2]",12,1,"Pass_('Discard: ', [9, 9])_Pass_Pass"
2020-02-29_16:30:25.843264,DISCARD,"[0, 0, 0, 0, 0, 0, 5, 7, 8, 8, 9, 9, 10, 10, 10, 10, 11]_[0, 0, 0, 0, 0, 0, 0, 0, 0, 4, 5, 6, 7, 8, 9, 10, 11]_[0, 0, 0, 0, 0, 0, 0, 0, 5, 6, 6, 9, 10, 10, 10, 11, 11]_[0, 0, 0, 0, 0, 0, 7, 8, 9, 9, 10, 10, 11, 11, 11, 11, 11]","[8, 8, 0, 0, 0, 0, 0, 0, 0, 0, 0]","[8, 8]",199,0.1,[],"[0, 1, 3, 2]",12,2,"Pass_('Discard: ', [9, 9])_('Discard: ', [8, 8])_Pass"
2020-02-29_16:30:25.885844,PASS,"[0, 0, 0, 0, 0, 0, 5, 7, 8, 8, 9, 9, 10, 10, 10, 10, 11]_[0, 0, 0, 0, 0, 0, 0, 0, 0, 4, 5, 6, 7, 8, 9, 10, 11]_[0, 0, 0, 0, 0, 0, 0, 0, 5, 6, 6, 9, 10, 10, 10, 11, 11]_[0, 0, 0, 0, 0, 0, 7, 8, 9, 9, 10, 10, 11, 11, 11, 11, 11]","[8, 8, 0, 0, 0, 0, 0, 0, 0, 0, 0]",,154,0.1,[],"[0, 1, 3, 2]",12,3,"Pass_('Discard: ', [9, 9])_('Discard: ', [8, 8])_Pass"
2020-02-29_16:30:25.946201,PASS,"[0, 0, 0, 0, 0, 0, 5, 7, 8, 8, 9, 9, 10, 10, 10, 10, 11]_[0, 0, 0, 0, 0, 0, 0, 0, 0, 4, 5, 6, 7, 8, 9, 10, 11]_[0, 0, 0, 0, 0, 0, 0, 0, 5, 6, 6, 9, 10, 10, 10, 11, 11]_[0, 0, 0, 0, 0, 0, 7, 8, 9, 9, 10, 10, 11, 11, 11, 11, 11]","[8, 8, 0, 0, 0, 0, 0, 0, 0, 0, 0]",,212,0.1,[],"[0, 1, 3, 2]",12,0,"Pass_('Discard: ', [9, 9])_('Discard: ', [8, 8])_Pass"
2020-02-29_16:30:26.029733,PASS,"[0, 0, 0, 0, 0, 0, 5, 7, 8, 8, 9, 9, 10, 10, 10, 10, 11]_[0, 0, 0, 0, 0, 0, 0, 0, 0, 4, 5, 6, 7, 8, 9, 10, 11]_[0, 0, 0, 0, 0, 0, 0, 0, 5, 6, 6, 9, 10, 10, 10, 11, 11]_[0, 0, 0, 0, 0, 0, 7, 8, 9, 9, 10, 10, 11, 11, 11, 11, 11]","[8, 8, 0, 0, 0, 0, 0, 0, 0, 0, 0]",,278,0.1,[],"[0, 1, 3, 2]",13,1,"Pass_Pass_('Discard: ', [8, 8])_Pass"
2020-02-29_16:30:26.101879,DISCARD,"[0, 0, 0, 0, 0, 0, 5, 7, 8, 8, 9, 9, 10, 10, 10, 10, 11]_[0, 0, 0, 0, 0, 0, 0, 0, 0, 4, 5, 6, 7, 8, 9, 10, 11]_[0, 0, 0, 0, 0, 0, 0, 0, 0, 0, 5, 9, 10, 10, 10, 11, 11]_[0, 0, 0, 0, 0, 0, 7, 8, 9, 9, 10, 10, 11, 11, 11, 11, 11]","[6, 6, 0, 0, 0, 0, 0, 0, 0, 0, 0]","[6, 6]",261,0.1,[],"[0, 1, 3, 2]",13,2,"Pass_Pass_('Discard: ', [6, 6])_Pass"
2020-02-29_16:30:26.127156,PASS,"[0, 0, 0, 0, 0, 0, 5, 7, 8, 8, 9, 9, 10, 10, 10, 10, 11]_[0, 0, 0, 0, 0, 0, 0, 0, 0, 4, 5, 6, 7, 8, 9, 10, 11]_[0, 0, 0, 0, 0, 0, 0, 0, 0, 0, 5, 9, 10, 10, 10, 11, 11]_[0, 0, 0, 0, 0, 0, 7, 8, 9, 9, 10, 10, 11, 11, 11, 11, 11]","[6, 6, 0, 0, 0, 0, 0, 0, 0, 0, 0]",,89,0.1,[],"[0, 1, 3, 2]",13,3,"Pass_Pass_('Discard: ', [6, 6])_Pass"
2020-02-29_16:30:26.178503,PASS,"[0, 0, 0, 0, 0, 0, 5, 7, 8, 8, 9, 9, 10, 10, 10, 10, 11]_[0, 0, 0, 0, 0, 0, 0, 0, 0, 4, 5, 6, 7, 8, 9, 10, 11]_[0, 0, 0, 0, 0, 0, 0, 0, 0, 0, 5, 9, 10, 10, 10, 11, 11]_[0, 0, 0, 0, 0, 0, 7, 8, 9, 9, 10, 10, 11, 11, 11, 11, 11]","[6, 6, 0, 0, 0, 0, 0, 0, 0, 0, 0]",,186,0.1,[],"[0, 1, 3, 2]",13,0,"Pass_Pass_('Discard: ', [6, 6])_Pass"
2020-02-29_16:30:26.269448,PASS,"[0, 0, 0, 0, 0, 0, 5, 7, 8, 8, 9, 9, 10, 10, 10, 10, 11]_[0, 0, 0, 0, 0, 0, 0, 0, 0, 4, 5, 6, 7, 8, 9, 10, 11]_[0, 0, 0, 0, 0, 0, 0, 0, 0, 0, 5, 9, 10, 10, 10, 11, 11]_[0, 0, 0, 0, 0, 0, 7, 8, 9, 9, 10, 10, 11, 11, 11, 11, 11]","[6, 6, 0, 0, 0, 0, 0, 0, 0, 0, 0]",,317,0.1,[],"[0, 1, 3, 2]",14,1,"Pass_Pass_('Discard: ', [6, 6])_Pass"
2020-02-29_16:30:26.355733,PASS,"[0, 0, 0, 0, 0, 0, 5, 7, 8, 8, 9, 9, 10, 10, 10, 10, 11]_[0, 0, 0, 0, 0, 0, 0, 0, 0, 4, 5, 6, 7, 8, 9, 10, 11]_[0, 0, 0, 0, 0, 0, 0, 0, 0, 0, 5, 9, 10, 10, 10, 11, 11]_[0, 0, 0, 0, 0, 0, 7, 8, 9, 9, 10, 10, 11, 11, 11, 11, 11]","[6, 6, 0, 0, 0, 0, 0, 0, 0, 0, 0]",,308,0.1,[],"[0, 1, 3, 2]",14,2,Pass_Pass_Pass_Pass
2020-02-29_16:30:26.394563,PASS,"[0, 0, 0, 0, 0, 0, 5, 7, 8, 8, 9, 9, 10, 10, 10, 10, 11]_[0, 0, 0, 0, 0, 0, 0, 0, 0, 4, 5, 6, 7, 8, 9, 10, 11]_[0, 0, 0, 0, 0, 0, 0, 0, 0, 0, 5, 9, 10, 10, 10, 11, 11]_[0, 0, 0, 0, 0, 0, 7, 8, 9, 9, 10, 10, 11, 11, 11, 11, 11]","[6, 6, 0, 0, 0, 0, 0, 0, 0, 0, 0]",,150,0.1,[],"[0, 1, 3, 2]",14,3,Pass_Pass_Pass_Pass
2020-02-29_16:30:26.483818,PASS,"[0, 0, 0, 0, 0, 0, 5, 7, 8, 8, 9, 9, 10, 10, 10, 10, 11]_[0, 0, 0, 0, 0, 0, 0, 0, 0, 4, 5, 6, 7, 8, 9, 10, 11]_[0, 0, 0, 0, 0, 0, 0, 0, 0, 0, 5, 9, 10, 10, 10, 11, 11]_[0, 0, 0, 0, 0, 0, 7, 8, 9, 9, 10, 10, 11, 11, 11, 11, 11]","[6, 6, 0, 0, 0, 0, 0, 0, 0, 0, 0]",,318,0.1,[],"[0, 1, 3, 2]",14,0,Pass_Pass_Pass_Pass
2020-02-29_16:30:26.483903,PIZZA_READY,"[0, 0, 0, 0, 0, 0, 5, 7, 8, 8, 9, 9, 10, 10, 10, 10, 11]_[0, 0, 0, 0, 0, 0, 0, 0, 0, 4, 5, 6, 7, 8, 9, 10, 11]_[0, 0, 0, 0, 0, 0, 0, 0, 0, 0, 5, 9, 10, 10, 10, 11, 11]_[0, 0, 0, 0, 0, 0, 7, 8, 9, 9, 10, 10, 11, 11, 11, 11, 11]","[13, 0, 0, 0, 0, 0, 0, 0, 0, 0, 0]",,,,[],"[0, 1, 3, 2]",15,,Pass_Pass_Pass_Pass
2020-02-29_16:30:26.514851,DISCARD,"[0, 0, 0, 0, 0, 0, 5, 7, 8, 8, 9, 9, 10, 10, 10, 10, 11]_[0, 0, 0, 0, 0, 0, 0, 0, 0, 4, 5, 6, 7, 8, 9, 10, 11]_[0, 0, 0, 0, 0, 0, 0, 0, 0, 0, 0, 5, 9, 10, 10, 10, 11]_[0, 0, 0, 0, 0, 0, 7, 8, 9, 9, 10, 10, 11, 11, 11, 11, 11]","[11, 0, 0, 0, 0, 0, 0, 0, 0, 0, 0]",[11],97,0.1,[],"[0, 1, 3, 2]",15,2,"Pass_Pass_('Discard: ', [11])_Pass"
2020-02-29_16:30:26.517478,DISCARD,"[0, 0, 0, 0, 0, 0, 5, 7, 8, 8, 9, 9, 10, 10, 10, 10, 11]_[0, 0, 0, 0, 0, 0, 0, 0, 0, 4, 5, 6, 7, 8, 9, 10, 11]_[0, 0, 0, 0, 0, 0, 0, 0, 0, 0, 0, 5, 9, 10, 10, 10, 11]_[0, 0, 0, 0, 0, 0, 0, 0, 7, 8, 10, 10, 11, 11, 11, 11, 11]","[9, 9, 0, 0, 0, 0, 0, 0, 0, 0, 0]","[9, 9]",6,0.1,[],"[0, 1, 3, 2]",15,3,"Pass_Pass_('Discard: ', [11])_('Discard: ', [9, 9])"
2020-02-29_16:30:26.593291,DISCARD,"[0, 0, 0, 0, 0, 0, 0, 0, 5, 7, 9, 9, 10, 10, 10, 10, 11]_[0, 0, 0, 0, 0, 0, 0, 0, 0, 4, 5, 6, 7, 8, 9, 10, 11]_[0, 0, 0, 0, 0, 0, 0, 0, 0, 0, 0, 5, 9, 10, 10, 10, 11]_[0, 0, 0, 0, 0, 0, 0, 0, 7, 8, 10, 10, 11, 11, 11, 11, 11]","[8, 8, 0, 0, 0, 0, 0, 0, 0, 0, 0]","[8, 8]",251,0.1,[],"[0, 1, 3, 2]",15,0,"('Discard: ', [8, 8])_Pass_('Discard: ', [11])_('Discard: ', [9, 9])"
2020-02-29_16:30:26.685092,PASS,"[0, 0, 0, 0, 0, 0, 0, 0, 5, 7, 9, 9, 10, 10, 10, 10, 11]_[0, 0, 0, 0, 0, 0, 0, 0, 0, 4, 5, 6, 7, 8, 9, 10, 11]_[0, 0, 0, 0, 0, 0, 0, 0, 0, 0, 0, 5, 9, 10, 10, 10, 11]_[0, 0, 0, 0, 0, 0, 0, 0, 7, 8, 10, 10, 11, 11, 11, 11, 11]","[8, 8, 0, 0, 0, 0, 0, 0, 0, 0, 0]",,305,0.1,[],"[0, 1, 3, 2]",15,1,"('Discard: ', [8, 8])_Pass_('Discard: ', [11])_('Discard: ', [9, 9])"
2020-02-29_16:30:26.783205,PASS,"[0, 0, 0, 0, 0, 0, 0, 0, 5, 7, 9, 9, 10, 10, 10, 10, 11]_[0, 0, 0, 0, 0, 0, 0, 0, 0, 4, 5, 6, 7, 8, 9, 10, 11]_[0, 0, 0, 0, 0, 0, 0, 0, 0, 0, 0, 5, 9, 10, 10, 10, 11]_[0, 0, 0, 0, 0, 0, 0, 0, 7, 8, 10, 10, 11, 11, 11, 11, 11]","[8, 8, 0, 0, 0, 0, 0, 0, 0, 0, 0]",,337,0.1,[],"[0, 1, 3, 2]",16,2,"('Discard: ', [8, 8])_Pass_Pass_('Discard: ', [9, 9])"
2020-02-29_16:30:26.829467,PASS,"[0, 0, 0, 0, 0, 0, 0, 0, 5, 7, 9, 9, 10, 10, 10, 10, 11]_[0, 0, 0, 0, 0, 0, 0, 0, 0, 4, 5, 6, 7, 8, 9, 10, 11]_[0, 0, 0, 0, 0, 0, 0, 0, 0, 0, 0, 5, 9, 10, 10, 10, 11]_[0, 0, 0, 0, 0, 0, 0, 0, 7, 8, 10, 10, 11, 11, 11, 11, 11]","[8, 8, 0, 0, 0, 0, 0, 0, 0, 0, 0]",,168,0.1,[],"[0, 1, 3, 2]",16,3,"('Discard: ', [8, 8])_Pass_Pass_Pass"
2020-02-29_16:30:26.868861,PASS,"[0, 0, 0, 0, 0, 0, 0, 0, 5, 7, 9, 9, 10, 10, 10, 10, 11]_[0, 0, 0, 0, 0, 0, 0, 0, 0, 4, 5, 6, 7, 8, 9, 10, 11]_[0, 0, 0, 0, 0, 0, 0, 0, 0, 0, 0, 5, 9, 10, 10, 10, 11]_[0, 0, 0, 0, 0, 0, 0, 0, 7, 8, 10, 10, 11, 11, 11, 11, 11]","[8, 8, 0, 0, 0, 0, 0, 0, 0, 0, 0]",,139,0.1,[],"[0, 1, 3, 2]",16,0,Pass_Pass_Pass_Pass
2020-02-29_16:30:26.953843,PASS,"[0, 0, 0, 0, 0, 0, 0, 0, 5, 7, 9, 9, 10, 10, 10, 10, 11]_[0, 0, 0, 0, 0, 0, 0, 0, 0, 4, 5, 6, 7, 8, 9, 10, 11]_[0, 0, 0, 0, 0, 0, 0, 0, 0, 0, 0, 5, 9, 10, 10, 10, 11]_[0, 0, 0, 0, 0, 0, 0, 0, 7, 8, 10, 10, 11, 11, 11, 11, 11]","[8, 8, 0, 0, 0, 0, 0, 0, 0, 0, 0]",,284,0.1,[],"[0, 1, 3, 2]",16,1,Pass_Pass_Pass_Pass
2020-02-29_16:30:26.953924,PIZZA_READY,"[0, 0, 0, 0, 0, 0, 0, 0, 5, 7, 9, 9, 10, 10, 10, 10, 11]_[0, 0, 0, 0, 0, 0, 0, 0, 0, 4, 5, 6, 7, 8, 9, 10, 11]_[0, 0, 0, 0, 0, 0, 0, 0, 0, 0, 0, 5, 9, 10, 10, 10, 11]_[0, 0, 0, 0, 0, 0, 0, 0, 7, 8, 10, 10, 11, 11, 11, 11, 11]","[13, 0, 0, 0, 0, 0, 0, 0, 0, 0, 0]",,,,[],"[0, 1, 3, 2]",17,,Pass_Pass_Pass_Pass
2020-02-29_16:30:26.965464,DISCARD,"[0, 0, 0, 0, 0, 0, 0, 0, 0, 0, 0, 5, 7, 9, 9, 10, 11]_[0, 0, 0, 0, 0, 0, 0, 0, 0, 4, 5, 6, 7, 8, 9, 10, 11]_[0, 0, 0, 0, 0, 0, 0, 0, 0, 0, 0, 5, 9, 10, 10, 10, 11]_[0, 0, 0, 0, 0, 0, 0, 0, 7, 8, 10, 10, 11, 11, 11, 11, 11]","[10, 10, 10, 0, 0, 0, 0, 0, 0, 0, 0]","[10, 10, 10]",34,0.1,[],"[0, 1, 3, 2]",17,0,"('Discard: ', [10, 10, 10])_Pass_Pass_Pass"
2020-02-29_16:30:27.029377,PASS,"[0, 0, 0, 0, 0, 0, 0, 0, 0, 0, 0, 5, 7, 9, 9, 10, 11]_[0, 0, 0, 0, 0, 0, 0, 0, 0, 4, 5, 6, 7, 8, 9, 10, 11]_[0, 0, 0, 0, 0, 0, 0, 0, 0, 0, 0, 5, 9, 10, 10, 10, 11]_[0, 0, 0, 0, 0, 0, 0, 0, 7, 8, 10, 10, 11, 11, 11, 11, 11]","[10, 10, 10, 0, 0, 0, 0, 0, 0, 0, 0]",,199,0.1,[],"[0, 1, 3, 2]",17,1,"('Discard: ', [10, 10, 10])_Pass_Pass_Pass"
2020-02-29_16:30:27.072849,PASS,"[0, 0, 0, 0, 0, 0, 0, 0, 0, 0, 0, 5, 7, 9, 9, 10, 11]_[0, 0, 0, 0, 0, 0, 0, 0, 0, 4, 5, 6, 7, 8, 9, 10, 11]_[0, 0, 0, 0, 0, 0, 0, 0, 0, 0, 0, 5, 9, 10, 10, 10, 11]_[0, 0, 0, 0, 0, 0, 0, 0, 7, 8, 10, 10, 11, 11, 11, 11, 11]","[10, 10, 10, 0, 0, 0, 0, 0, 0, 0, 0]",,136,0.1,[],"[0, 1, 3, 2]",17,2,"('Discard: ', [10, 10, 10])_Pass_Pass_Pass"
2020-02-29_16:30:27.119538,PASS,"[0, 0, 0, 0, 0, 0, 0, 0, 0, 0, 0, 5, 7, 9, 9, 10, 11]_[0, 0, 0, 0, 0, 0, 0, 0, 0, 4, 5, 6, 7, 8, 9, 10, 11]_[0, 0, 0, 0, 0, 0, 0, 0, 0, 0, 0, 5, 9, 10, 10, 10, 11]_[0, 0, 0, 0, 0, 0, 0, 0, 7, 8, 10, 10, 11, 11, 11, 11, 11]","[10, 10, 10, 0, 0, 0, 0, 0, 0, 0, 0]",,147,0.1,[],"[0, 1, 3, 2]",17,3,"('Discard: ', [10, 10, 10])_Pass_Pass_Pass"
2020-02-29_16:30:27.160737,PASS,"[0, 0, 0, 0, 0, 0, 0, 0, 0, 0, 0, 5, 7, 9, 9, 10, 11]_[0, 0, 0, 0, 0, 0, 0, 0, 0, 4, 5, 6, 7, 8, 9, 10, 11]_[0, 0, 0, 0, 0, 0, 0, 0, 0, 0, 0, 5, 9, 10, 10, 10, 11]_[0, 0, 0, 0, 0, 0, 0, 0, 7, 8, 10, 10, 11, 11, 11, 11, 11]","[10, 10, 10, 0, 0, 0, 0, 0, 0, 0, 0]",,127,0.1,[],"[0, 1, 3, 2]",18,0,Pass_Pass_Pass_Pass
2020-02-29_16:30:27.258991,PASS,"[0, 0, 0, 0, 0, 0, 0, 0, 0, 0, 0, 5, 7, 9, 9, 10, 11]_[0, 0, 0, 0, 0, 0, 0, 0, 0, 4, 5, 6, 7, 8, 9, 10, 11]_[0, 0, 0, 0, 0, 0, 0, 0, 0, 0, 0, 5, 9, 10, 10, 10, 11]_[0, 0, 0, 0, 0, 0, 0, 0, 7, 8, 10, 10, 11, 11, 11, 11, 11]","[10, 10, 10, 0, 0, 0, 0, 0, 0, 0, 0]",,278,0.1,[],"[0, 1, 3, 2]",18,1,Pass_Pass_Pass_Pass
2020-02-29_16:30:27.276771,PASS,"[0, 0, 0, 0, 0, 0, 0, 0, 0, 0, 0, 5, 7, 9, 9, 10, 11]_[0, 0, 0, 0, 0, 0, 0, 0, 0, 4, 5, 6, 7, 8, 9, 10, 11]_[0, 0, 0, 0, 0, 0, 0, 0, 0, 0, 0, 5, 9, 10, 10, 10, 11]_[0, 0, 0, 0, 0, 0, 0, 0, 7, 8, 10, 10, 11, 11, 11, 11, 11]","[10, 10, 10, 0, 0, 0, 0, 0, 0, 0, 0]",,54,0.1,[],"[0, 1, 3, 2]",18,2,Pass_Pass_Pass_Pass
2020-02-29_16:30:27.306195,PASS,"[0, 0, 0, 0, 0, 0, 0, 0, 0, 0, 0, 5, 7, 9, 9, 10, 11]_[0, 0, 0, 0, 0, 0, 0, 0, 0, 4, 5, 6, 7, 8, 9, 10, 11]_[0, 0, 0, 0, 0, 0, 0, 0, 0, 0, 0, 5, 9, 10, 10, 10, 11]_[0, 0, 0, 0, 0, 0, 0, 0, 7, 8, 10, 10, 11, 11, 11, 11, 11]","[10, 10, 10, 0, 0, 0, 0, 0, 0, 0, 0]",,95,0.1,[],"[0, 1, 3, 2]",18,3,Pass_Pass_Pass_Pass
2020-02-29_16:30:27.306290,PIZZA_READY,"[0, 0, 0, 0, 0, 0, 0, 0, 0, 0, 0, 5, 7, 9, 9, 10, 11]_[0, 0, 0, 0, 0, 0, 0, 0, 0, 4, 5, 6, 7, 8, 9, 10, 11]_[0, 0, 0, 0, 0, 0, 0, 0, 0, 0, 0, 5, 9, 10, 10, 10, 11]_[0, 0, 0, 0, 0, 0, 0, 0, 7, 8, 10, 10, 11, 11, 11, 11, 11]","[13, 0, 0, 0, 0, 0, 0, 0, 0, 0, 0]",,,,[],"[0, 1, 3, 2]",19,,Pass_Pass_Pass_Pass
2020-02-29_16:30:27.310969,DISCARD,"[0, 0, 0, 0, 0, 0, 0, 0, 0, 0, 0, 0, 5, 7, 9, 9, 11]_[0, 0, 0, 0, 0, 0, 0, 0, 0, 4, 5, 6, 7, 8, 9, 10, 11]_[0, 0, 0, 0, 0, 0, 0, 0, 0, 0, 0, 5, 9, 10, 10, 10, 11]_[0, 0, 0, 0, 0, 0, 0, 0, 7, 8, 10, 10, 11, 11, 11, 11, 11]","[10, 0, 0, 0, 0, 0, 0, 0, 0, 0, 0]",[10],12,0.1,[],"[0, 1, 3, 2]",19,0,"('Discard: ', [10])_Pass_Pass_Pass"
2020-02-29_16:30:27.328074,DISCARD,"[0, 0, 0, 0, 0, 0, 0, 0, 0, 0, 0, 0, 5, 7, 9, 9, 11]_[0, 0, 0, 0, 0, 0, 0, 0, 0, 0, 4, 5, 7, 8, 9, 10, 11]_[0, 0, 0, 0, 0, 0, 0, 0, 0, 0, 0, 5, 9, 10, 10, 10, 11]_[0, 0, 0, 0, 0, 0, 0, 0, 7, 8, 10, 10, 11, 11, 11, 11, 11]","[6, 0, 0, 0, 0, 0, 0, 0, 0, 0, 0]",[6],47,0.1,[],"[0, 1, 3, 2]",19,1,"('Discard: ', [10])_('Discard: ', [6])_Pass_Pass"
2020-02-29_16:30:27.335750,DISCARD,"[0, 0, 0, 0, 0, 0, 0, 0, 0, 0, 0, 0, 5, 7, 9, 9, 11]_[0, 0, 0, 0, 0, 0, 0, 0, 0, 0, 4, 5, 7, 8, 9, 10, 11]_[0, 0, 0, 0, 0, 0, 0, 0, 0, 0, 0, 0, 9, 10, 10, 10, 11]_[0, 0, 0, 0, 0, 0, 0, 0, 7, 8, 10, 10, 11, 11, 11, 11, 11]","[5, 0, 0, 0, 0, 0, 0, 0, 0, 0, 0]",[5],21,0.1,[],"[0, 1, 3, 2]",19,2,"('Discard: ', [10])_('Discard: ', [6])_('Discard: ', [5])_Pass"
2020-02-29_16:30:27.374109,PASS,"[0, 0, 0, 0, 0, 0, 0, 0, 0, 0, 0, 0, 5, 7, 9, 9, 11]_[0, 0, 0, 0, 0, 0, 0, 0, 0, 0, 4, 5, 7, 8, 9, 10, 11]_[0, 0, 0, 0, 0, 0, 0, 0, 0, 0, 0, 0, 9, 10, 10, 10, 11]_[0, 0, 0, 0, 0, 0, 0, 0, 7, 8, 10, 10, 11, 11, 11, 11, 11]","[5, 0, 0, 0, 0, 0, 0, 0, 0, 0, 0]",,138,0.1,[],"[0, 1, 3, 2]",19,3,"('Discard: ', [10])_('Discard: ', [6])_('Discard: ', [5])_Pass"
2020-02-29_16:30:27.458342,PASS,"[0, 0, 0, 0, 0, 0, 0, 0, 0, 0, 0, 0, 5, 7, 9, 9, 11]_[0, 0, 0, 0, 0, 0, 0, 0, 0, 0, 4, 5, 7, 8, 9, 10, 11]_[0, 0, 0, 0, 0, 0, 0, 0, 0, 0, 0, 0, 9, 10, 10, 10, 11]_[0, 0, 0, 0, 0, 0, 0, 0, 7, 8, 10, 10, 11, 11, 11, 11, 11]","[5, 0, 0, 0, 0, 0, 0, 0, 0, 0, 0]",,301,0.1,[],"[0, 1, 3, 2]",20,0,"Pass_('Discard: ', [6])_('Discard: ', [5])_Pass"
2020-02-29_16:30:27.462400,DISCARD,"[0, 0, 0, 0, 0, 0, 0, 0, 0, 0, 0, 0, 5, 7, 9, 9, 11]_[0, 0, 0, 0, 0, 0, 0, 0, 0, 0, 0, 5, 7, 8, 9, 10, 11]_[0, 0, 0, 0, 0, 0, 0, 0, 0, 0, 0, 0, 9, 10, 10, 10, 11]_[0, 0, 0, 0, 0, 0, 0, 0, 7, 8, 10, 10, 11, 11, 11, 11, 11]","[4, 0, 0, 0, 0, 0, 0, 0, 0, 0, 0]",[4],12,0.1,[],"[0, 1, 3, 2]",20,1,"Pass_('Discard: ', [4])_('Discard: ', [5])_Pass"
2020-02-29_16:30:27.535580,PASS,"[0, 0, 0, 0, 0, 0, 0, 0, 0, 0, 0, 0, 5, 7, 9, 9, 11]_[0, 0, 0, 0, 0, 0, 0, 0, 0, 0, 0, 5, 7, 8, 9, 10, 11]_[0, 0, 0, 0, 0, 0, 0, 0, 0, 0, 0, 0, 9, 10, 10, 10, 11]_[0, 0, 0, 0, 0, 0, 0, 0, 7, 8, 10, 10, 11, 11, 11, 11, 11]","[4, 0, 0, 0, 0, 0, 0, 0, 0, 0, 0]",,274,0.1,[],"[0, 1, 3, 2]",20,2,"Pass_('Discard: ', [4])_Pass_Pass"
2020-02-29_16:30:27.584221,PASS,"[0, 0, 0, 0, 0, 0, 0, 0, 0, 0, 0, 0, 5, 7, 9, 9, 11]_[0, 0, 0, 0, 0, 0, 0, 0, 0, 0, 0, 5, 7, 8, 9, 10, 11]_[0, 0, 0, 0, 0, 0, 0, 0, 0, 0, 0, 0, 9, 10, 10, 10, 11]_[0, 0, 0, 0, 0, 0, 0, 0, 7, 8, 10, 10, 11, 11, 11, 11, 11]","[4, 0, 0, 0, 0, 0, 0, 0, 0, 0, 0]",,188,0.1,[],"[0, 1, 3, 2]",20,3,"Pass_('Discard: ', [4])_Pass_Pass"
2020-02-29_16:30:27.637669,PASS,"[0, 0, 0, 0, 0, 0, 0, 0, 0, 0, 0, 0, 5, 7, 9, 9, 11]_[0, 0, 0, 0, 0, 0, 0, 0, 0, 0, 0, 5, 7, 8, 9, 10, 11]_[0, 0, 0, 0, 0, 0, 0, 0, 0, 0, 0, 0, 9, 10, 10, 10, 11]_[0, 0, 0, 0, 0, 0, 0, 0, 7, 8, 10, 10, 11, 11, 11, 11, 11]","[4, 0, 0, 0, 0, 0, 0, 0, 0, 0, 0]",,206,0.1,[],"[0, 1, 3, 2]",21,0,"Pass_('Discard: ', [4])_Pass_Pass"
2020-02-29_16:30:27.646840,PASS,"[0, 0, 0, 0, 0, 0, 0, 0, 0, 0, 0, 0, 5, 7, 9, 9, 11]_[0, 0, 0, 0, 0, 0, 0, 0, 0, 0, 0, 5, 7, 8, 9, 10, 11]_[0, 0, 0, 0, 0, 0, 0, 0, 0, 0, 0, 0, 9, 10, 10, 10, 11]_[0, 0, 0, 0, 0, 0, 0, 0, 7, 8, 10, 10, 11, 11, 11, 11, 11]","[4, 0, 0, 0, 0, 0, 0, 0, 0, 0, 0]",,33,0.1,[],"[0, 1, 3, 2]",21,1,Pass_Pass_Pass_Pass
2020-02-29_16:30:27.697113,PASS,"[0, 0, 0, 0, 0, 0, 0, 0, 0, 0, 0, 0, 5, 7, 9, 9, 11]_[0, 0, 0, 0, 0, 0, 0, 0, 0, 0, 0, 5, 7, 8, 9, 10, 11]_[0, 0, 0, 0, 0, 0, 0, 0, 0, 0, 0, 0, 9, 10, 10, 10, 11]_[0, 0, 0, 0, 0, 0, 0, 0, 7, 8, 10, 10, 11, 11, 11, 11, 11]","[4, 0, 0, 0, 0, 0, 0, 0, 0, 0, 0]",,195,0.1,[],"[0, 1, 3, 2]",21,2,Pass_Pass_Pass_Pass
2020-02-29_16:30:27.765382,PASS,"[0, 0, 0, 0, 0, 0, 0, 0, 0, 0, 0, 0, 5, 7, 9, 9, 11]_[0, 0, 0, 0, 0, 0, 0, 0, 0, 0, 0, 5, 7, 8, 9, 10, 11]_[0, 0, 0, 0, 0, 0, 0, 0, 0, 0, 0, 0, 9, 10, 10, 10, 11]_[0, 0, 0, 0, 0, 0, 0, 0, 7, 8, 10, 10, 11, 11, 11, 11, 11]","[4, 0, 0, 0, 0, 0, 0, 0, 0, 0, 0]",,269,0.1,[],"[0, 1, 3, 2]",21,3,Pass_Pass_Pass_Pass
2020-02-29_16:30:27.765459,PIZZA_READY,"[0, 0, 0, 0, 0, 0, 0, 0, 0, 0, 0, 0, 5, 7, 9, 9, 11]_[0, 0, 0, 0, 0, 0, 0, 0, 0, 0, 0, 5, 7, 8, 9, 10, 11]_[0, 0, 0, 0, 0, 0, 0, 0, 0, 0, 0, 0, 9, 10, 10, 10, 11]_[0, 0, 0, 0, 0, 0, 0, 0, 7, 8, 10, 10, 11, 11, 11, 11, 11]","[13, 0, 0, 0, 0, 0, 0, 0, 0, 0, 0]",,,,[],"[0, 1, 3, 2]",22,,Pass_Pass_Pass_Pass
2020-02-29_16:30:27.767176,DISCARD,"[0, 0, 0, 0, 0, 0, 0, 0, 0, 0, 0, 0, 5, 7, 9, 9, 11]_[0, 0, 0, 0, 0, 0, 0, 0, 0, 0, 0, 0, 5, 7, 9, 10, 11]_[0, 0, 0, 0, 0, 0, 0, 0, 0, 0, 0, 0, 9, 10, 10, 10, 11]_[0, 0, 0, 0, 0, 0, 0, 0, 7, 8, 10, 10, 11, 11, 11, 11, 11]","[8, 0, 0, 0, 0, 0, 0, 0, 0, 0, 0]",[8],3,0.1,[],"[0, 1, 3, 2]",22,1,"Pass_('Discard: ', [8])_Pass_Pass"
2020-02-29_16:30:27.850525,PASS,"[0, 0, 0, 0, 0, 0, 0, 0, 0, 0, 0, 0, 5, 7, 9, 9, 11]_[0, 0, 0, 0, 0, 0, 0, 0, 0, 0, 0, 0, 5, 7, 9, 10, 11]_[0, 0, 0, 0, 0, 0, 0, 0, 0, 0, 0, 0, 9, 10, 10, 10, 11]_[0, 0, 0, 0, 0, 0, 0, 0, 7, 8, 10, 10, 11, 11, 11, 11, 11]","[8, 0, 0, 0, 0, 0, 0, 0, 0, 0, 0]",,301,0.1,[],"[0, 1, 3, 2]",22,2,"Pass_('Discard: ', [8])_Pass_Pass"
2020-02-29_16:30:27.911631,DISCARD,"[0, 0, 0, 0, 0, 0, 0, 0, 0, 0, 0, 0, 5, 7, 9, 9, 11]_[0, 0, 0, 0, 0, 0, 0, 0, 0, 0, 0, 0, 5, 7, 9, 10, 11]_[0, 0, 0, 0, 0, 0, 0, 0, 0, 0, 0, 0, 9, 10, 10, 10, 11]_[0, 0, 0, 0, 0, 0, 0, 0, 0, 8, 10, 10, 11, 11, 11, 11, 11]","[7, 0, 0, 0, 0, 0, 0, 0, 0, 0, 0]",[7],218,0.1,[],"[0, 1, 3, 2]",22,3,"Pass_('Discard: ', [8])_Pass_('Discard: ', [7])"
2020-02-29_16:30:27.953709,DISCARD,"[0, 0, 0, 0, 0, 0, 0, 0, 0, 0, 0, 0, 0, 7, 9, 9, 11]_[0, 0, 0, 0, 0, 0, 0, 0, 0, 0, 0, 0, 5, 7, 9, 10, 11]_[0, 0, 0, 0, 0, 0, 0, 0, 0, 0, 0, 0, 9, 10, 10, 10, 11]_[0, 0, 0, 0, 0, 0, 0, 0, 0, 8, 10, 10, 11, 11, 11, 11, 11]","[5, 0, 0, 0, 0, 0, 0, 0, 0, 0, 0]",[5],156,0.1,[],"[0, 1, 3, 2]",22,0,"('Discard: ', [5])_('Discard: ', [8])_Pass_('Discard: ', [7])"
2020-02-29_16:30:27.982275,PASS,"[0, 0, 0, 0, 0, 0, 0, 0, 0, 0, 0, 0, 0, 7, 9, 9, 11]_[0, 0, 0, 0, 0, 0, 0, 0, 0, 0, 0, 0, 5, 7, 9, 10, 11]_[0, 0, 0, 0, 0, 0, 0, 0, 0, 0, 0, 0, 9, 10, 10, 10, 11]_[0, 0, 0, 0, 0, 0, 0, 0, 0, 8, 10, 10, 11, 11, 11, 11, 11]","[5, 0, 0, 0, 0, 0, 0, 0, 0, 0, 0]",,99,0.1,[],"[0, 1, 3, 2]",23,1,"('Discard: ', [5])_Pass_Pass_('Discard: ', [7])"
2020-02-29_16:30:28.003061,PASS,"[0, 0, 0, 0, 0, 0, 0, 0, 0, 0, 0, 0, 0, 7, 9, 9, 11]_[0, 0, 0, 0, 0, 0, 0, 0, 0, 0, 0, 0, 5, 7, 9, 10, 11]_[0, 0, 0, 0, 0, 0, 0, 0, 0, 0, 0, 0, 9, 10, 10, 10, 11]_[0, 0, 0, 0, 0, 0, 0, 0, 0, 8, 10, 10, 11, 11, 11, 11, 11]","[5, 0, 0, 0, 0, 0, 0, 0, 0, 0, 0]",,82,0.1,[],"[0, 1, 3, 2]",23,2,"('Discard: ', [5])_Pass_Pass_('Discard: ', [7])"
2020-02-29_16:30:28.090235,PASS,"[0, 0, 0, 0, 0, 0, 0, 0, 0, 0, 0, 0, 0, 7, 9, 9, 11]_[0, 0, 0, 0, 0, 0, 0, 0, 0, 0, 0, 0, 5, 7, 9, 10, 11]_[0, 0, 0, 0, 0, 0, 0, 0, 0, 0, 0, 0, 9, 10, 10, 10, 11]_[0, 0, 0, 0, 0, 0, 0, 0, 0, 8, 10, 10, 11, 11, 11, 11, 11]","[5, 0, 0, 0, 0, 0, 0, 0, 0, 0, 0]",,325,0.1,[],"[0, 1, 3, 2]",23,3,"('Discard: ', [5])_Pass_Pass_Pass"
2020-02-29_16:30:28.173717,PASS,"[0, 0, 0, 0, 0, 0, 0, 0, 0, 0, 0, 0, 0, 7, 9, 9, 11]_[0, 0, 0, 0, 0, 0, 0, 0, 0, 0, 0, 0, 5, 7, 9, 10, 11]_[0, 0, 0, 0, 0, 0, 0, 0, 0, 0, 0, 0, 9, 10, 10, 10, 11]_[0, 0, 0, 0, 0, 0, 0, 0, 0, 8, 10, 10, 11, 11, 11, 11, 11]","[5, 0, 0, 0, 0, 0, 0, 0, 0, 0, 0]",,289,0.1,[],"[0, 1, 3, 2]",23,0,Pass_Pass_Pass_Pass
2020-02-29_16:30:28.173797,PIZZA_READY,"[0, 0, 0, 0, 0, 0, 0, 0, 0, 0, 0, 0, 0, 7, 9, 9, 11]_[0, 0, 0, 0, 0, 0, 0, 0, 0, 0, 0, 0, 5, 7, 9, 10, 11]_[0, 0, 0, 0, 0, 0, 0, 0, 0, 0, 0, 0, 9, 10, 10, 10, 11]_[0, 0, 0, 0, 0, 0, 0, 0, 0, 8, 10, 10, 11, 11, 11, 11, 11]","[13, 0, 0, 0, 0, 0, 0, 0, 0, 0, 0]",,,,[],"[0, 1, 3, 2]",24,,Pass_Pass_Pass_Pass
2020-02-29_16:30:28.175175,DISCARD,"[0, 0, 0, 0, 0, 0, 0, 0, 0, 0, 0, 0, 0, 0, 0, 7, 11]_[0, 0, 0, 0, 0, 0, 0, 0, 0, 0, 0, 0, 5, 7, 9, 10, 11]_[0, 0, 0, 0, 0, 0, 0, 0, 0, 0, 0, 0, 9, 10, 10, 10, 11]_[0, 0, 0, 0, 0, 0, 0, 0, 0, 8, 10, 10, 11, 11, 11, 11, 11]","[9, 9, 0, 0, 0, 0, 0, 0, 0, 0, 0]","[9, 9]",2,0.1,[],"[0, 1, 3, 2]",24,0,"('Discard: ', [9, 9])_Pass_Pass_Pass"
2020-02-29_16:30:28.183527,PASS,"[0, 0, 0, 0, 0, 0, 0, 0, 0, 0, 0, 0, 0, 0, 0, 7, 11]_[0, 0, 0, 0, 0, 0, 0, 0, 0, 0, 0, 0, 5, 7, 9, 10, 11]_[0, 0, 0, 0, 0, 0, 0, 0, 0, 0, 0, 0, 9, 10, 10, 10, 11]_[0, 0, 0, 0, 0, 0, 0, 0, 0, 8, 10, 10, 11, 11, 11, 11, 11]","[9, 9, 0, 0, 0, 0, 0, 0, 0, 0, 0]",,26,0.1,[],"[0, 1, 3, 2]",24,1,"('Discard: ', [9, 9])_Pass_Pass_Pass"
2020-02-29_16:30:28.187109,PASS,"[0, 0, 0, 0, 0, 0, 0, 0, 0, 0, 0, 0, 0, 0, 0, 7, 11]_[0, 0, 0, 0, 0, 0, 0, 0, 0, 0, 0, 0, 5, 7, 9, 10, 11]_[0, 0, 0, 0, 0, 0, 0, 0, 0, 0, 0, 0, 9, 10, 10, 10, 11]_[0, 0, 0, 0, 0, 0, 0, 0, 0, 8, 10, 10, 11, 11, 11, 11, 11]","[9, 9, 0, 0, 0, 0, 0, 0, 0, 0, 0]",,11,0.1,[],"[0, 1, 3, 2]",24,2,"('Discard: ', [9, 9])_Pass_Pass_Pass"
2020-02-29_16:30:28.205312,PASS,"[0, 0, 0, 0, 0, 0, 0, 0, 0, 0, 0, 0, 0, 0, 0, 7, 11]_[0, 0, 0, 0, 0, 0, 0, 0, 0, 0, 0, 0, 5, 7, 9, 10, 11]_[0, 0, 0, 0, 0, 0, 0, 0, 0, 0, 0, 0, 9, 10, 10, 10, 11]_[0, 0, 0, 0, 0, 0, 0, 0, 0, 8, 10, 10, 11, 11, 11, 11, 11]","[9, 9, 0, 0, 0, 0, 0, 0, 0, 0, 0]",,63,0.1,[],"[0, 1, 3, 2]",24,3,"('Discard: ', [9, 9])_Pass_Pass_Pass"
2020-02-29_16:30:28.257185,PASS,"[0, 0, 0, 0, 0, 0, 0, 0, 0, 0, 0, 0, 0, 0, 0, 7, 11]_[0, 0, 0, 0, 0, 0, 0, 0, 0, 0, 0, 0, 5, 7, 9, 10, 11]_[0, 0, 0, 0, 0, 0, 0, 0, 0, 0, 0, 0, 9, 10, 10, 10, 11]_[0, 0, 0, 0, 0, 0, 0, 0, 0, 8, 10, 10, 11, 11, 11, 11, 11]","[9, 9, 0, 0, 0, 0, 0, 0, 0, 0, 0]",,160,0.1,[],"[0, 1, 3, 2]",25,0,Pass_Pass_Pass_Pass
2020-02-29_16:30:28.307235,PASS,"[0, 0, 0, 0, 0, 0, 0, 0, 0, 0, 0, 0, 0, 0, 0, 7, 11]_[0, 0, 0, 0, 0, 0, 0, 0, 0, 0, 0, 0, 5, 7, 9, 10, 11]_[0, 0, 0, 0, 0, 0, 0, 0, 0, 0, 0, 0, 9, 10, 10, 10, 11]_[0, 0, 0, 0, 0, 0, 0, 0, 0, 8, 10, 10, 11, 11, 11, 11, 11]","[9, 9, 0, 0, 0, 0, 0, 0, 0, 0, 0]",,167,0.1,[],"[0, 1, 3, 2]",25,1,Pass_Pass_Pass_Pass
2020-02-29_16:30:28.372370,PASS,"[0, 0, 0, 0, 0, 0, 0, 0, 0, 0, 0, 0, 0, 0, 0, 7, 11]_[0, 0, 0, 0, 0, 0, 0, 0, 0, 0, 0, 0, 5, 7, 9, 10, 11]_[0, 0, 0, 0, 0, 0, 0, 0, 0, 0, 0, 0, 9, 10, 10, 10, 11]_[0, 0, 0, 0, 0, 0, 0, 0, 0, 8, 10, 10, 11, 11, 11, 11, 11]","[9, 9, 0, 0, 0, 0, 0, 0, 0, 0, 0]",,230,0.1,[],"[0, 1, 3, 2]",25,2,Pass_Pass_Pass_Pass
2020-02-29_16:30:28.411778,PASS,"[0, 0, 0, 0, 0, 0, 0, 0, 0, 0, 0, 0, 0, 0, 0, 7, 11]_[0, 0, 0, 0, 0, 0, 0, 0, 0, 0, 0, 0, 5, 7, 9, 10, 11]_[0, 0, 0, 0, 0, 0, 0, 0, 0, 0, 0, 0, 9, 10, 10, 10, 11]_[0, 0, 0, 0, 0, 0, 0, 0, 0, 8, 10, 10, 11, 11, 11, 11, 11]","[9, 9, 0, 0, 0, 0, 0, 0, 0, 0, 0]",,137,0.1,[],"[0, 1, 3, 2]",25,3,Pass_Pass_Pass_Pass
2020-02-29_16:30:28.411857,PIZZA_READY,"[0, 0, 0, 0, 0, 0, 0, 0, 0, 0, 0, 0, 0, 0, 0, 7, 11]_[0, 0, 0, 0, 0, 0, 0, 0, 0, 0, 0, 0, 5, 7, 9, 10, 11]_[0, 0, 0, 0, 0, 0, 0, 0, 0, 0, 0, 0, 9, 10, 10, 10, 11]_[0, 0, 0, 0, 0, 0, 0, 0, 0, 8, 10, 10, 11, 11, 11, 11, 11]","[13, 0, 0, 0, 0, 0, 0, 0, 0, 0, 0]",,,,[],"[0, 1, 3, 2]",26,,Pass_Pass_Pass_Pass
2020-02-29_16:30:28.488196,DISCARD,"[0, 0, 0, 0, 0, 0, 0, 0, 0, 0, 0, 0, 0, 0, 0, 0, 11]_[0, 0, 0, 0, 0, 0, 0, 0, 0, 0, 0, 0, 5, 7, 9, 10, 11]_[0, 0, 0, 0, 0, 0, 0, 0, 0, 0, 0, 0, 9, 10, 10, 10, 11]_[0, 0, 0, 0, 0, 0, 0, 0, 0, 8, 10, 10, 11, 11, 11, 11, 11]","[7, 0, 0, 0, 0, 0, 0, 0, 0, 0, 0]",[7],253,0.1,[],"[0, 1, 3, 2]",26,0,"('Discard: ', [7])_Pass_Pass_Pass"
2020-02-29_16:30:28.552639,DISCARD,"[0, 0, 0, 0, 0, 0, 0, 0, 0, 0, 0, 0, 0, 0, 0, 0, 11]_[0, 0, 0, 0, 0, 0, 0, 0, 0, 0, 0, 0, 0, 7, 9, 10, 11]_[0, 0, 0, 0, 0, 0, 0, 0, 0, 0, 0, 0, 9, 10, 10, 10, 11]_[0, 0, 0, 0, 0, 0, 0, 0, 0, 8, 10, 10, 11, 11, 11, 11, 11]","[5, 0, 0, 0, 0, 0, 0, 0, 0, 0, 0]",[5],228,0.1,[],"[0, 1, 3, 2]",26,1,"('Discard: ', [7])_('Discard: ', [5])_Pass_Pass"
2020-02-29_16:30:28.598021,PASS,"[0, 0, 0, 0, 0, 0, 0, 0, 0, 0, 0, 0, 0, 0, 0, 0, 11]_[0, 0, 0, 0, 0, 0, 0, 0, 0, 0, 0, 0, 0, 7, 9, 10, 11]_[0, 0, 0, 0, 0, 0, 0, 0, 0, 0, 0, 0, 9, 10, 10, 10, 11]_[0, 0, 0, 0, 0, 0, 0, 0, 0, 8, 10, 10, 11, 11, 11, 11, 11]","[5, 0, 0, 0, 0, 0, 0, 0, 0, 0, 0]",,172,0.1,[],"[0, 1, 3, 2]",26,2,"('Discard: ', [7])_('Discard: ', [5])_Pass_Pass"
2020-02-29_16:30:28.672346,PASS,"[0, 0, 0, 0, 0, 0, 0, 0, 0, 0, 0, 0, 0, 0, 0, 0, 11]_[0, 0, 0, 0, 0, 0, 0, 0, 0, 0, 0, 0, 0, 7, 9, 10, 11]_[0, 0, 0, 0, 0, 0, 0, 0, 0, 0, 0, 0, 9, 10, 10, 10, 11]_[0, 0, 0, 0, 0, 0, 0, 0, 0, 8, 10, 10, 11, 11, 11, 11, 11]","[5, 0, 0, 0, 0, 0, 0, 0, 0, 0, 0]",,282,0.1,[],"[0, 1, 3, 2]",26,3,"('Discard: ', [7])_('Discard: ', [5])_Pass_Pass"
2020-02-29_16:30:28.754067,PASS,"[0, 0, 0, 0, 0, 0, 0, 0, 0, 0, 0, 0, 0, 0, 0, 0, 11]_[0, 0, 0, 0, 0, 0, 0, 0, 0, 0, 0, 0, 0, 7, 9, 10, 11]_[0, 0, 0, 0, 0, 0, 0, 0, 0, 0, 0, 0, 9, 10, 10, 10, 11]_[0, 0, 0, 0, 0, 0, 0, 0, 0, 8, 10, 10, 11, 11, 11, 11, 11]","[5, 0, 0, 0, 0, 0, 0, 0, 0, 0, 0]",,308,0.1,[],"[0, 1, 3, 2]",27,0,"Pass_('Discard: ', [5])_Pass_Pass"
2020-02-29_16:30:28.767073,PASS,"[0, 0, 0, 0, 0, 0, 0, 0, 0, 0, 0, 0, 0, 0, 0, 0, 11]_[0, 0, 0, 0, 0, 0, 0, 0, 0, 0, 0, 0, 0, 7, 9, 10, 11]_[0, 0, 0, 0, 0, 0, 0, 0, 0, 0, 0, 0, 9, 10, 10, 10, 11]_[0, 0, 0, 0, 0, 0, 0, 0, 0, 8, 10, 10, 11, 11, 11, 11, 11]","[5, 0, 0, 0, 0, 0, 0, 0, 0, 0, 0]",,43,0.1,[],"[0, 1, 3, 2]",27,1,Pass_Pass_Pass_Pass
2020-02-29_16:30:28.793125,PASS,"[0, 0, 0, 0, 0, 0, 0, 0, 0, 0, 0, 0, 0, 0, 0, 0, 11]_[0, 0, 0, 0, 0, 0, 0, 0, 0, 0, 0, 0, 0, 7, 9, 10, 11]_[0, 0, 0, 0, 0, 0, 0, 0, 0, 0, 0, 0, 9, 10, 10, 10, 11]_[0, 0, 0, 0, 0, 0, 0, 0, 0, 8, 10, 10, 11, 11, 11, 11, 11]","[5, 0, 0, 0, 0, 0, 0, 0, 0, 0, 0]",,97,0.1,[],"[0, 1, 3, 2]",27,2,Pass_Pass_Pass_Pass
2020-02-29_16:30:28.877162,PASS,"[0, 0, 0, 0, 0, 0, 0, 0, 0, 0, 0, 0, 0, 0, 0, 0, 11]_[0, 0, 0, 0, 0, 0, 0, 0, 0, 0, 0, 0, 0, 7, 9, 10, 11]_[0, 0, 0, 0, 0, 0, 0, 0, 0, 0, 0, 0, 9, 10, 10, 10, 11]_[0, 0, 0, 0, 0, 0, 0, 0, 0, 8, 10, 10, 11, 11, 11, 11, 11]","[5, 0, 0, 0, 0, 0, 0, 0, 0, 0, 0]",,296,0.1,[],"[0, 1, 3, 2]",27,3,Pass_Pass_Pass_Pass
2020-02-29_16:30:28.877245,PIZZA_READY,"[0, 0, 0, 0, 0, 0, 0, 0, 0, 0, 0, 0, 0, 0, 0, 0, 11]_[0, 0, 0, 0, 0, 0, 0, 0, 0, 0, 0, 0, 0, 7, 9, 10, 11]_[0, 0, 0, 0, 0, 0, 0, 0, 0, 0, 0, 0, 9, 10, 10, 10, 11]_[0, 0, 0, 0, 0, 0, 0, 0, 0, 8, 10, 10, 11, 11, 11, 11, 11]","[13, 0, 0, 0, 0, 0, 0, 0, 0, 0, 0]",,,,[],"[0, 1, 3, 2]",28,,Pass_Pass_Pass_Pass
2020-02-29_16:30:28.913262,DISCARD,"[0, 0, 0, 0, 0, 0, 0, 0, 0, 0, 0, 0, 0, 0, 0, 0, 11]_[0, 0, 0, 0, 0, 0, 0, 0, 0, 0, 0, 0, 0, 0, 7, 9, 11]_[0, 0, 0, 0, 0, 0, 0, 0, 0, 0, 0, 0, 9, 10, 10, 10, 11]_[0, 0, 0, 0, 0, 0, 0, 0, 0, 8, 10, 10, 11, 11, 11, 11, 11]","[10, 0, 0, 0, 0, 0, 0, 0, 0, 0, 0]",[10],114,0.1,[],"[0, 1, 3, 2]",28,1,"Pass_('Discard: ', [10])_Pass_Pass"
2020-02-29_16:30:28.959451,DISCARD,"[0, 0, 0, 0, 0, 0, 0, 0, 0, 0, 0, 0, 0, 0, 0, 0, 11]_[0, 0, 0, 0, 0, 0, 0, 0, 0, 0, 0, 0, 0, 0, 7, 9, 11]_[0, 0, 0, 0, 0, 0, 0, 0, 0, 0, 0, 0, 0, 10, 10, 10, 11]_[0, 0, 0, 0, 0, 0, 0, 0, 0, 8, 10, 10, 11, 11, 11, 11, 11]","[9, 0, 0, 0, 0, 0, 0, 0, 0, 0, 0]",[9],161,0.1,[],"[0, 1, 3, 2]",28,2,"Pass_('Discard: ', [10])_('Discard: ', [9])_Pass"
2020-02-29_16:30:29.014320,DISCARD,"[0, 0, 0, 0, 0, 0, 0, 0, 0, 0, 0, 0, 0, 0, 0, 0, 11]_[0, 0, 0, 0, 0, 0, 0, 0, 0, 0, 0, 0, 0, 0, 7, 9, 11]_[0, 0, 0, 0, 0, 0, 0, 0, 0, 0, 0, 0, 0, 10, 10, 10, 11]_[0, 0, 0, 0, 0, 0, 0, 0, 0, 0, 10, 10, 11, 11, 11, 11, 11]","[8, 0, 0, 0, 0, 0, 0, 0, 0, 0, 0]",[8],184,0.1,[],"[0, 1, 3, 2]",28,3,"Pass_('Discard: ', [10])_('Discard: ', [9])_('Discard: ', [8])"
2020-02-29_16:30:29.109482,PASS,"[0, 0, 0, 0, 0, 0, 0, 0, 0, 0, 0, 0, 0, 0, 0, 0, 11]_[0, 0, 0, 0, 0, 0, 0, 0, 0, 0, 0, 0, 0, 0, 7, 9, 11]_[0, 0, 0, 0, 0, 0, 0, 0, 0, 0, 0, 0, 0, 10, 10, 10, 11]_[0, 0, 0, 0, 0, 0, 0, 0, 0, 0, 10, 10, 11, 11, 11, 11, 11]","[8, 0, 0, 0, 0, 0, 0, 0, 0, 0, 0]",,325,0.1,[],"[0, 1, 3, 2]",28,0,"Pass_('Discard: ', [10])_('Discard: ', [9])_('Discard: ', [8])"
2020-02-29_16:30:29.119326,DISCARD,"[0, 0, 0, 0, 0, 0, 0, 0, 0, 0, 0, 0, 0, 0, 0, 0, 11]_[0, 0, 0, 0, 0, 0, 0, 0, 0, 0, 0, 0, 0, 0, 0, 9, 11]_[0, 0, 0, 0, 0, 0, 0, 0, 0, 0, 0, 0, 0, 10, 10, 10, 11]_[0, 0, 0, 0, 0, 0, 0, 0, 0, 0, 10, 10, 11, 11, 11, 11, 11]","[7, 0, 0, 0, 0, 0, 0, 0, 0, 0, 0]",[7],33,0.1,[],"[0, 1, 3, 2]",29,1,"Pass_('Discard: ', [7])_('Discard: ', [9])_('Discard: ', [8])"
2020-02-29_16:30:29.201002,PASS,"[0, 0, 0, 0, 0, 0, 0, 0, 0, 0, 0, 0, 0, 0, 0, 0, 11]_[0, 0, 0, 0, 0, 0, 0, 0, 0, 0, 0, 0, 0, 0, 0, 9, 11]_[0, 0, 0, 0, 0, 0, 0, 0, 0, 0, 0, 0, 0, 10, 10, 10, 11]_[0, 0, 0, 0, 0, 0, 0, 0, 0, 0, 10, 10, 11, 11, 11, 11, 11]","[7, 0, 0, 0, 0, 0, 0, 0, 0, 0, 0]",,299,0.1,[],"[0, 1, 3, 2]",29,2,"Pass_('Discard: ', [7])_Pass_('Discard: ', [8])"
2020-02-29_16:30:29.270975,PASS,"[0, 0, 0, 0, 0, 0, 0, 0, 0, 0, 0, 0, 0, 0, 0, 0, 11]_[0, 0, 0, 0, 0, 0, 0, 0, 0, 0, 0, 0, 0, 0, 0, 9, 11]_[0, 0, 0, 0, 0, 0, 0, 0, 0, 0, 0, 0, 0, 10, 10, 10, 11]_[0, 0, 0, 0, 0, 0, 0, 0, 0, 0, 10, 10, 11, 11, 11, 11, 11]","[7, 0, 0, 0, 0, 0, 0, 0, 0, 0, 0]",,259,0.1,[],"[0, 1, 3, 2]",29,3,"Pass_('Discard: ', [7])_Pass_Pass"
2020-02-29_16:30:29.299632,PASS,"[0, 0, 0, 0, 0, 0, 0, 0, 0, 0, 0, 0, 0, 0, 0, 0, 11]_[0, 0, 0, 0, 0, 0, 0, 0, 0, 0, 0, 0, 0, 0, 0, 9, 11]_[0, 0, 0, 0, 0, 0, 0, 0, 0, 0, 0, 0, 0, 10, 10, 10, 11]_[0, 0, 0, 0, 0, 0, 0, 0, 0, 0, 10, 10, 11, 11, 11, 11, 11]","[7, 0, 0, 0, 0, 0, 0, 0, 0, 0, 0]",,104,0.1,[],"[0, 1, 3, 2]",29,0,"Pass_('Discard: ', [7])_Pass_Pass"
2020-02-29_16:30:29.352375,PASS,"[0, 0, 0, 0, 0, 0, 0, 0, 0, 0, 0, 0, 0, 0, 0, 0, 11]_[0, 0, 0, 0, 0, 0, 0, 0, 0, 0, 0, 0, 0, 0, 0, 9, 11]_[0, 0, 0, 0, 0, 0, 0, 0, 0, 0, 0, 0, 0, 10, 10, 10, 11]_[0, 0, 0, 0, 0, 0, 0, 0, 0, 0, 10, 10, 11, 11, 11, 11, 11]","[7, 0, 0, 0, 0, 0, 0, 0, 0, 0, 0]",,197,0.1,[],"[0, 1, 3, 2]",30,1,Pass_Pass_Pass_Pass
2020-02-29_16:30:29.384262,PASS,"[0, 0, 0, 0, 0, 0, 0, 0, 0, 0, 0, 0, 0, 0, 0, 0, 11]_[0, 0, 0, 0, 0, 0, 0, 0, 0, 0, 0, 0, 0, 0, 0, 9, 11]_[0, 0, 0, 0, 0, 0, 0, 0, 0, 0, 0, 0, 0, 10, 10, 10, 11]_[0, 0, 0, 0, 0, 0, 0, 0, 0, 0, 10, 10, 11, 11, 11, 11, 11]","[7, 0, 0, 0, 0, 0, 0, 0, 0, 0, 0]",,120,0.1,[],"[0, 1, 3, 2]",30,2,Pass_Pass_Pass_Pass
2020-02-29_16:30:29.493802,PASS,"[0, 0, 0, 0, 0, 0, 0, 0, 0, 0, 0, 0, 0, 0, 0, 0, 11]_[0, 0, 0, 0, 0, 0, 0, 0, 0, 0, 0, 0, 0, 0, 0, 9, 11]_[0, 0, 0, 0, 0, 0, 0, 0, 0, 0, 0, 0, 0, 10, 10, 10, 11]_[0, 0, 0, 0, 0, 0, 0, 0, 0, 0, 10, 10, 11, 11, 11, 11, 11]","[7, 0, 0, 0, 0, 0, 0, 0, 0, 0, 0]",,356,0.1,[],"[0, 1, 3, 2]",30,3,Pass_Pass_Pass_Pass
2020-02-29_16:30:29.578011,PASS,"[0, 0, 0, 0, 0, 0, 0, 0, 0, 0, 0, 0, 0, 0, 0, 0, 11]_[0, 0, 0, 0, 0, 0, 0, 0, 0, 0, 0, 0, 0, 0, 0, 9, 11]_[0, 0, 0, 0, 0, 0, 0, 0, 0, 0, 0, 0, 0, 10, 10, 10, 11]_[0, 0, 0, 0, 0, 0, 0, 0, 0, 0, 10, 10, 11, 11, 11, 11, 11]","[7, 0, 0, 0, 0, 0, 0, 0, 0, 0, 0]",,304,0.1,[],"[0, 1, 3, 2]",30,0,Pass_Pass_Pass_Pass
2020-02-29_16:30:29.578094,PIZZA_READY,"[0, 0, 0, 0, 0, 0, 0, 0, 0, 0, 0, 0, 0, 0, 0, 0, 11]_[0, 0, 0, 0, 0, 0, 0, 0, 0, 0, 0, 0, 0, 0, 0, 9, 11]_[0, 0, 0, 0, 0, 0, 0, 0, 0, 0, 0, 0, 0, 10, 10, 10, 11]_[0, 0, 0, 0, 0, 0, 0, 0, 0, 0, 10, 10, 11, 11, 11, 11, 11]","[13, 0, 0, 0, 0, 0, 0, 0, 0, 0, 0]",,,,[],"[0, 1, 3, 2]",31,,Pass_Pass_Pass_Pass
2020-02-29_16:30:29.595201,DISCARD,"[0, 0, 0, 0, 0, 0, 0, 0, 0, 0, 0, 0, 0, 0, 0, 0, 11]_[0, 0, 0, 0, 0, 0, 0, 0, 0, 0, 0, 0, 0, 0, 0, 0, 9]_[0, 0, 0, 0, 0, 0, 0, 0, 0, 0, 0, 0, 0, 10, 10, 10, 11]_[0, 0, 0, 0, 0, 0, 0, 0, 0, 0, 10, 10, 11, 11, 11, 11, 11]","[11, 0, 0, 0, 0, 0, 0, 0, 0, 0, 0]",[11],54,0.1,[],"[0, 1, 3, 2]",31,1,"Pass_('Discard: ', [11])_Pass_Pass"
2020-02-29_16:30:29.681873,DISCARD,"[0, 0, 0, 0, 0, 0, 0, 0, 0, 0, 0, 0, 0, 0, 0, 0, 11]_[0, 0, 0, 0, 0, 0, 0, 0, 0, 0, 0, 0, 0, 0, 0, 0, 9]_[0, 0, 0, 0, 0, 0, 0, 0, 0, 0, 0, 0, 0, 0, 10, 10, 11]_[0, 0, 0, 0, 0, 0, 0, 0, 0, 0, 10, 10, 11, 11, 11, 11, 11]","[10, 0, 0, 0, 0, 0, 0, 0, 0, 0, 0]",[10],249,0.1,[],"[0, 1, 3, 2]",31,2,"Pass_('Discard: ', [11])_('Discard: ', [10])_Pass"
2020-02-29_16:30:29.737430,PASS,"[0, 0, 0, 0, 0, 0, 0, 0, 0, 0, 0, 0, 0, 0, 0, 0, 11]_[0, 0, 0, 0, 0, 0, 0, 0, 0, 0, 0, 0, 0, 0, 0, 0, 9]_[0, 0, 0, 0, 0, 0, 0, 0, 0, 0, 0, 0, 0, 0, 10, 10, 11]_[0, 0, 0, 0, 0, 0, 0, 0, 0, 0, 10, 10, 11, 11, 11, 11, 11]","[10, 0, 0, 0, 0, 0, 0, 0, 0, 0, 0]",,191,0.1,[],"[0, 1, 3, 2]",31,3,"Pass_('Discard: ', [11])_('Discard: ', [10])_Pass"
2020-02-29_16:30:29.848239,PASS,"[0, 0, 0, 0, 0, 0, 0, 0, 0, 0, 0, 0, 0, 0, 0, 0, 11]_[0, 0, 0, 0, 0, 0, 0, 0, 0, 0, 0, 0, 0, 0, 0, 0, 9]_[0, 0, 0, 0, 0, 0, 0, 0, 0, 0, 0, 0, 0, 0, 10, 10, 11]_[0, 0, 0, 0, 0, 0, 0, 0, 0, 0, 10, 10, 11, 11, 11, 11, 11]","[10, 0, 0, 0, 0, 0, 0, 0, 0, 0, 0]",,358,0.1,[],"[0, 1, 3, 2]",31,0,"Pass_('Discard: ', [11])_('Discard: ', [10])_Pass"
2020-02-29_16:30:29.928668,FINISH,"[0, 0, 0, 0, 0, 0, 0, 0, 0, 0, 0, 0, 0, 0, 0, 0, 11]_[0, 0, 0, 0, 0, 0, 0, 0, 0, 0, 0, 0, 0, 0, 0, 0, 0]_[0, 0, 0, 0, 0, 0, 0, 0, 0, 0, 0, 0, 0, 0, 10, 10, 11]_[0, 0, 0, 0, 0, 0, 0, 0, 0, 0, 10, 10, 11, 11, 11, 11, 11]","[9, 0, 0, 0, 0, 0, 0, 0, 0, 0, 0]",,277,1.0,[1],"[0, 1, 3, 2]",32,1,"Pass_Finish_('Discard: ', [10])_Pass"
2020-02-29_16:30:30.034453,PASS,"[0, 0, 0, 0, 0, 0, 0, 0, 0, 0, 0, 0, 0, 0, 0, 0, 11]_[0, 0, 0, 0, 0, 0, 0, 0, 0, 0, 0, 0, 0, 0, 0, 0, 0]_[0, 0, 0, 0, 0, 0, 0, 0, 0, 0, 0, 0, 0, 0, 10, 10, 11]_[0, 0, 0, 0, 0, 0, 0, 0, 0, 0, 10, 10, 11, 11, 11, 11, 11]","[9, 0, 0, 0, 0, 0, 0, 0, 0, 0, 0]",,355,0.1,[1],"[0, 1, 3, 2]",32,2,Pass_Finish_Pass_Pass
2020-02-29_16:30:30.078740,PASS,"[0, 0, 0, 0, 0, 0, 0, 0, 0, 0, 0, 0, 0, 0, 0, 0, 11]_[0, 0, 0, 0, 0, 0, 0, 0, 0, 0, 0, 0, 0, 0, 0, 0, 0]_[0, 0, 0, 0, 0, 0, 0, 0, 0, 0, 0, 0, 0, 0, 10, 10, 11]_[0, 0, 0, 0, 0, 0, 0, 0, 0, 0, 10, 10, 11, 11, 11, 11, 11]","[9, 0, 0, 0, 0, 0, 0, 0, 0, 0, 0]",,161,0.1,[1],"[0, 1, 3, 2]",32,3,Pass_Finish_Pass_Pass
2020-02-29_16:30:30.182833,PASS,"[0, 0, 0, 0, 0, 0, 0, 0, 0, 0, 0, 0, 0, 0, 0, 0, 11]_[0, 0, 0, 0, 0, 0, 0, 0, 0, 0, 0, 0, 0, 0, 0, 0, 0]_[0, 0, 0, 0, 0, 0, 0, 0, 0, 0, 0, 0, 0, 0, 10, 10, 11]_[0, 0, 0, 0, 0, 0, 0, 0, 0, 0, 10, 10, 11, 11, 11, 11, 11]","[9, 0, 0, 0, 0, 0, 0, 0, 0, 0, 0]",,346,0.1,[1],"[0, 1, 3, 2]",32,0,Pass_Finish_Pass_Pass
2020-02-29_16:30:30.182911,PIZZA_READY,"[0, 0, 0, 0, 0, 0, 0, 0, 0, 0, 0, 0, 0, 0, 0, 0, 11]_[0, 0, 0, 0, 0, 0, 0, 0, 0, 0, 0, 0, 0, 0, 0, 0, 0]_[0, 0, 0, 0, 0, 0, 0, 0, 0, 0, 0, 0, 0, 0, 10, 10, 11]_[0, 0, 0, 0, 0, 0, 0, 0, 0, 0, 10, 10, 11, 11, 11, 11, 11]","[13, 0, 0, 0, 0, 0, 0, 0, 0, 0, 0]",,,,[1],"[0, 1, 3, 2]",33,,Pass_Finish_Pass_Pass
2020-02-29_16:30:30.183162,FINISH,"[0, 0, 0, 0, 0, 0, 0, 0, 0, 0, 0, 0, 0, 0, 0, 0, 11]_[0, 0, 0, 0, 0, 0, 0, 0, 0, 0, 0, 0, 0, 0, 0, 0, 0]_[0, 0, 0, 0, 0, 0, 0, 0, 0, 0, 0, 0, 0, 0, 10, 10, 11]_[0, 0, 0, 0, 0, 0, 0, 0, 0, 0, 10, 10, 11, 11, 11, 11, 11]","[13, 0, 0, 0, 0, 0, 0, 0, 0, 0, 0]",,0,0.1,[1],"[0, 1, 3, 2]",33,1,Pass_Finish_Pass_Pass
2020-02-29_16:30:30.203272,DISCARD,"[0, 0, 0, 0, 0, 0, 0, 0, 0, 0, 0, 0, 0, 0, 0, 0, 11]_[0, 0, 0, 0, 0, 0, 0, 0, 0, 0, 0, 0, 0, 0, 0, 0, 0]_[0, 0, 0, 0, 0, 0, 0, 0, 0, 0, 0, 0, 0, 0, 0, 10, 11]_[0, 0, 0, 0, 0, 0, 0, 0, 0, 0, 10, 10, 11, 11, 11, 11, 11]","[10, 0, 0, 0, 0, 0, 0, 0, 0, 0, 0]",[10],67,0.1,[1],"[0, 1, 3, 2]",33,2,"Pass_Finish_('Discard: ', [10])_Pass"
2020-02-29_16:30:30.235249,PASS,"[0, 0, 0, 0, 0, 0, 0, 0, 0, 0, 0, 0, 0, 0, 0, 0, 11]_[0, 0, 0, 0, 0, 0, 0, 0, 0, 0, 0, 0, 0, 0, 0, 0, 0]_[0, 0, 0, 0, 0, 0, 0, 0, 0, 0, 0, 0, 0, 0, 0, 10, 11]_[0, 0, 0, 0, 0, 0, 0, 0, 0, 0, 10, 10, 11, 11, 11, 11, 11]","[10, 0, 0, 0, 0, 0, 0, 0, 0, 0, 0]",,115,0.1,[1],"[0, 1, 3, 2]",33,3,"Pass_Finish_('Discard: ', [10])_Pass"
2020-02-29_16:30:30.310303,PASS,"[0, 0, 0, 0, 0, 0, 0, 0, 0, 0, 0, 0, 0, 0, 0, 0, 11]_[0, 0, 0, 0, 0, 0, 0, 0, 0, 0, 0, 0, 0, 0, 0, 0, 0]_[0, 0, 0, 0, 0, 0, 0, 0, 0, 0, 0, 0, 0, 0, 0, 10, 11]_[0, 0, 0, 0, 0, 0, 0, 0, 0, 0, 10, 10, 11, 11, 11, 11, 11]","[10, 0, 0, 0, 0, 0, 0, 0, 0, 0, 0]",,242,0.1,[1],"[0, 1, 3, 2]",33,0,"Pass_Finish_('Discard: ', [10])_Pass"
2020-02-29_16:30:30.310566,FINISH,"[0, 0, 0, 0, 0, 0, 0, 0, 0, 0, 0, 0, 0, 0, 0, 0, 11]_[0, 0, 0, 0, 0, 0, 0, 0, 0, 0, 0, 0, 0, 0, 0, 0, 0]_[0, 0, 0, 0, 0, 0, 0, 0, 0, 0, 0, 0, 0, 0, 0, 10, 11]_[0, 0, 0, 0, 0, 0, 0, 0, 0, 0, 10, 10, 11, 11, 11, 11, 11]","[10, 0, 0, 0, 0, 0, 0, 0, 0, 0, 0]",,0,0.1,[1],"[0, 1, 3, 2]",34,1,"Pass_Finish_('Discard: ', [10])_Pass"
2020-02-29_16:30:30.388166,PASS,"[0, 0, 0, 0, 0, 0, 0, 0, 0, 0, 0, 0, 0, 0, 0, 0, 11]_[0, 0, 0, 0, 0, 0, 0, 0, 0, 0, 0, 0, 0, 0, 0, 0, 0]_[0, 0, 0, 0, 0, 0, 0, 0, 0, 0, 0, 0, 0, 0, 0, 10, 11]_[0, 0, 0, 0, 0, 0, 0, 0, 0, 0, 10, 10, 11, 11, 11, 11, 11]","[10, 0, 0, 0, 0, 0, 0, 0, 0, 0, 0]",,268,0.1,[1],"[0, 1, 3, 2]",34,2,Pass_Finish_Pass_Pass
2020-02-29_16:30:30.417955,PASS,"[0, 0, 0, 0, 0, 0, 0, 0, 0, 0, 0, 0, 0, 0, 0, 0, 11]_[0, 0, 0, 0, 0, 0, 0, 0, 0, 0, 0, 0, 0, 0, 0, 0, 0]_[0, 0, 0, 0, 0, 0, 0, 0, 0, 0, 0, 0, 0, 0, 0, 10, 11]_[0, 0, 0, 0, 0, 0, 0, 0, 0, 0, 10, 10, 11, 11, 11, 11, 11]","[10, 0, 0, 0, 0, 0, 0, 0, 0, 0, 0]",,107,0.1,[1],"[0, 1, 3, 2]",34,3,Pass_Finish_Pass_Pass
2020-02-29_16:30:30.430681,PASS,"[0, 0, 0, 0, 0, 0, 0, 0, 0, 0, 0, 0, 0, 0, 0, 0, 11]_[0, 0, 0, 0, 0, 0, 0, 0, 0, 0, 0, 0, 0, 0, 0, 0, 0]_[0, 0, 0, 0, 0, 0, 0, 0, 0, 0, 0, 0, 0, 0, 0, 10, 11]_[0, 0, 0, 0, 0, 0, 0, 0, 0, 0, 10, 10, 11, 11, 11, 11, 11]","[10, 0, 0, 0, 0, 0, 0, 0, 0, 0, 0]",,44,0.1,[1],"[0, 1, 3, 2]",34,0,Pass_Finish_Pass_Pass
2020-02-29_16:30:30.430758,PIZZA_READY,"[0, 0, 0, 0, 0, 0, 0, 0, 0, 0, 0, 0, 0, 0, 0, 0, 11]_[0, 0, 0, 0, 0, 0, 0, 0, 0, 0, 0, 0, 0, 0, 0, 0, 0]_[0, 0, 0, 0, 0, 0, 0, 0, 0, 0, 0, 0, 0, 0, 0, 10, 11]_[0, 0, 0, 0, 0, 0, 0, 0, 0, 0, 10, 10, 11, 11, 11, 11, 11]","[13, 0, 0, 0, 0, 0, 0, 0, 0, 0, 0]",,,,[1],"[0, 1, 3, 2]",35,,Pass_Finish_Pass_Pass
2020-02-29_16:30:30.457080,DISCARD,"[0, 0, 0, 0, 0, 0, 0, 0, 0, 0, 0, 0, 0, 0, 0, 0, 11]_[0, 0, 0, 0, 0, 0, 0, 0, 0, 0, 0, 0, 0, 0, 0, 0, 0]_[0, 0, 0, 0, 0, 0, 0, 0, 0, 0, 0, 0, 0, 0, 0, 0, 11]_[0, 0, 0, 0, 0, 0, 0, 0, 0, 0, 10, 10, 11, 11, 11, 11, 11]","[10, 0, 0, 0, 0, 0, 0, 0, 0, 0, 0]",[10],88,0.1,[1],"[0, 1, 3, 2]",35,2,"Pass_Finish_('Discard: ', [10])_Pass"
2020-02-29_16:30:30.541262,PASS,"[0, 0, 0, 0, 0, 0, 0, 0, 0, 0, 0, 0, 0, 0, 0, 0, 11]_[0, 0, 0, 0, 0, 0, 0, 0, 0, 0, 0, 0, 0, 0, 0, 0, 0]_[0, 0, 0, 0, 0, 0, 0, 0, 0, 0, 0, 0, 0, 0, 0, 0, 11]_[0, 0, 0, 0, 0, 0, 0, 0, 0, 0, 10, 10, 11, 11, 11, 11, 11]","[10, 0, 0, 0, 0, 0, 0, 0, 0, 0, 0]",,305,0.1,[1],"[0, 1, 3, 2]",35,3,"Pass_Finish_('Discard: ', [10])_Pass"
2020-02-29_16:30:30.626645,PASS,"[0, 0, 0, 0, 0, 0, 0, 0, 0, 0, 0, 0, 0, 0, 0, 0, 11]_[0, 0, 0, 0, 0, 0, 0, 0, 0, 0, 0, 0, 0, 0, 0, 0, 0]_[0, 0, 0, 0, 0, 0, 0, 0, 0, 0, 0, 0, 0, 0, 0, 0, 11]_[0, 0, 0, 0, 0, 0, 0, 0, 0, 0, 10, 10, 11, 11, 11, 11, 11]","[10, 0, 0, 0, 0, 0, 0, 0, 0, 0, 0]",,296,0.1,[1],"[0, 1, 3, 2]",35,0,"Pass_Finish_('Discard: ', [10])_Pass"
2020-02-29_16:30:30.626840,FINISH,"[0, 0, 0, 0, 0, 0, 0, 0, 0, 0, 0, 0, 0, 0, 0, 0, 11]_[0, 0, 0, 0, 0, 0, 0, 0, 0, 0, 0, 0, 0, 0, 0, 0, 0]_[0, 0, 0, 0, 0, 0, 0, 0, 0, 0, 0, 0, 0, 0, 0, 0, 11]_[0, 0, 0, 0, 0, 0, 0, 0, 0, 0, 10, 10, 11, 11, 11, 11, 11]","[10, 0, 0, 0, 0, 0, 0, 0, 0, 0, 0]",,0,0.1,[1],"[0, 1, 3, 2]",35,1,"Pass_Finish_('Discard: ', [10])_Pass"
2020-02-29_16:30:30.672022,PASS,"[0, 0, 0, 0, 0, 0, 0, 0, 0, 0, 0, 0, 0, 0, 0, 0, 11]_[0, 0, 0, 0, 0, 0, 0, 0, 0, 0, 0, 0, 0, 0, 0, 0, 0]_[0, 0, 0, 0, 0, 0, 0, 0, 0, 0, 0, 0, 0, 0, 0, 0, 11]_[0, 0, 0, 0, 0, 0, 0, 0, 0, 0, 10, 10, 11, 11, 11, 11, 11]","[10, 0, 0, 0, 0, 0, 0, 0, 0, 0, 0]",,160,0.1,[1],"[0, 1, 3, 2]",36,2,Pass_Finish_Pass_Pass
2020-02-29_16:30:30.759104,PASS,"[0, 0, 0, 0, 0, 0, 0, 0, 0, 0, 0, 0, 0, 0, 0, 0, 11]_[0, 0, 0, 0, 0, 0, 0, 0, 0, 0, 0, 0, 0, 0, 0, 0, 0]_[0, 0, 0, 0, 0, 0, 0, 0, 0, 0, 0, 0, 0, 0, 0, 0, 11]_[0, 0, 0, 0, 0, 0, 0, 0, 0, 0, 10, 10, 11, 11, 11, 11, 11]","[10, 0, 0, 0, 0, 0, 0, 0, 0, 0, 0]",,314,0.1,[1],"[0, 1, 3, 2]",36,3,Pass_Finish_Pass_Pass
2020-02-29_16:30:30.804478,PASS,"[0, 0, 0, 0, 0, 0, 0, 0, 0, 0, 0, 0, 0, 0, 0, 0, 11]_[0, 0, 0, 0, 0, 0, 0, 0, 0, 0, 0, 0, 0, 0, 0, 0, 0]_[0, 0, 0, 0, 0, 0, 0, 0, 0, 0, 0, 0, 0, 0, 0, 0, 11]_[0, 0, 0, 0, 0, 0, 0, 0, 0, 0, 10, 10, 11, 11, 11, 11, 11]","[10, 0, 0, 0, 0, 0, 0, 0, 0, 0, 0]",,163,0.1,[1],"[0, 1, 3, 2]",36,0,Pass_Finish_Pass_Pass
2020-02-29_16:30:30.804677,FINISH,"[0, 0, 0, 0, 0, 0, 0, 0, 0, 0, 0, 0, 0, 0, 0, 0, 11]_[0, 0, 0, 0, 0, 0, 0, 0, 0, 0, 0, 0, 0, 0, 0, 0, 0]_[0, 0, 0, 0, 0, 0, 0, 0, 0, 0, 0, 0, 0, 0, 0, 0, 11]_[0, 0, 0, 0, 0, 0, 0, 0, 0, 0, 10, 10, 11, 11, 11, 11, 11]","[10, 0, 0, 0, 0, 0, 0, 0, 0, 0, 0]",,0,0.1,[1],"[0, 1, 3, 2]",36,1,Pass_Finish_Pass_Pass
2020-02-29_16:30:30.804750,PIZZA_READY,"[0, 0, 0, 0, 0, 0, 0, 0, 0, 0, 0, 0, 0, 0, 0, 0, 11]_[0, 0, 0, 0, 0, 0, 0, 0, 0, 0, 0, 0, 0, 0, 0, 0, 0]_[0, 0, 0, 0, 0, 0, 0, 0, 0, 0, 0, 0, 0, 0, 0, 0, 11]_[0, 0, 0, 0, 0, 0, 0, 0, 0, 0, 10, 10, 11, 11, 11, 11, 11]","[13, 0, 0, 0, 0, 0, 0, 0, 0, 0, 0]",,,,[1],"[0, 1, 3, 2]",37,,Pass_Finish_Pass_Pass
2020-02-29_16:30:30.905817,FINISH,"[0, 0, 0, 0, 0, 0, 0, 0, 0, 0, 0, 0, 0, 0, 0, 0, 11]_[0, 0, 0, 0, 0, 0, 0, 0, 0, 0, 0, 0, 0, 0, 0, 0, 0]_[0, 0, 0, 0, 0, 0, 0, 0, 0, 0, 0, 0, 0, 0, 0, 0, 0]_[0, 0, 0, 0, 0, 0, 0, 0, 0, 0, 10, 10, 11, 11, 11, 11, 11]","[11, 0, 0, 0, 0, 0, 0, 0, 0, 0, 0]",,332,0.7000000000000001,"[1, 2]","[0, 1, 3, 2]",37,2,Pass_Finish_Finish_Pass
2020-02-29_16:30:30.938682,DISCARD,"[0, 0, 0, 0, 0, 0, 0, 0, 0, 0, 0, 0, 0, 0, 0, 0, 11]_[0, 0, 0, 0, 0, 0, 0, 0, 0, 0, 0, 0, 0, 0, 0, 0, 0]_[0, 0, 0, 0, 0, 0, 0, 0, 0, 0, 0, 0, 0, 0, 0, 0, 0]_[0, 0, 0, 0, 0, 0, 0, 0, 0, 0, 0, 10, 11, 11, 11, 11, 11]","[10, 0, 0, 0, 0, 0, 0, 0, 0, 0, 0]",[10],115,0.1,"[1, 2]","[0, 1, 3, 2]",37,3,"Pass_Finish_Finish_('Discard: ', [10])"
2020-02-29_16:30:31.019129,PASS,"[0, 0, 0, 0, 0, 0, 0, 0, 0, 0, 0, 0, 0, 0, 0, 0, 11]_[0, 0, 0, 0, 0, 0, 0, 0, 0, 0, 0, 0, 0, 0, 0, 0, 0]_[0, 0, 0, 0, 0, 0, 0, 0, 0, 0, 0, 0, 0, 0, 0, 0, 0]_[0, 0, 0, 0, 0, 0, 0, 0, 0, 0, 0, 10, 11, 11, 11, 11, 11]","[10, 0, 0, 0, 0, 0, 0, 0, 0, 0, 0]",,284,0.1,"[1, 2]","[0, 1, 3, 2]",37,0,"Pass_Finish_Finish_('Discard: ', [10])"
2020-02-29_16:30:31.019331,FINISH,"[0, 0, 0, 0, 0, 0, 0, 0, 0, 0, 0, 0, 0, 0, 0, 0, 11]_[0, 0, 0, 0, 0, 0, 0, 0, 0, 0, 0, 0, 0, 0, 0, 0, 0]_[0, 0, 0, 0, 0, 0, 0, 0, 0, 0, 0, 0, 0, 0, 0, 0, 0]_[0, 0, 0, 0, 0, 0, 0, 0, 0, 0, 0, 10, 11, 11, 11, 11, 11]","[10, 0, 0, 0, 0, 0, 0, 0, 0, 0, 0]",,0,0.1,"[1, 2]","[0, 1, 3, 2]",37,1,"Pass_Finish_Finish_('Discard: ', [10])"
2020-02-29_16:30:31.019586,FINISH,"[0, 0, 0, 0, 0, 0, 0, 0, 0, 0, 0, 0, 0, 0, 0, 0, 11]_[0, 0, 0, 0, 0, 0, 0, 0, 0, 0, 0, 0, 0, 0, 0, 0, 0]_[0, 0, 0, 0, 0, 0, 0, 0, 0, 0, 0, 0, 0, 0, 0, 0, 0]_[0, 0, 0, 0, 0, 0, 0, 0, 0, 0, 0, 10, 11, 11, 11, 11, 11]","[10, 0, 0, 0, 0, 0, 0, 0, 0, 0, 0]",,0,0.1,"[1, 2]","[0, 1, 3, 2]",38,2,"Pass_Finish_Finish_('Discard: ', [10])"
2020-02-29_16:30:31.023600,PASS,"[0, 0, 0, 0, 0, 0, 0, 0, 0, 0, 0, 0, 0, 0, 0, 0, 11]_[0, 0, 0, 0, 0, 0, 0, 0, 0, 0, 0, 0, 0, 0, 0, 0, 0]_[0, 0, 0, 0, 0, 0, 0, 0, 0, 0, 0, 0, 0, 0, 0, 0, 0]_[0, 0, 0, 0, 0, 0, 0, 0, 0, 0, 0, 10, 11, 11, 11, 11, 11]","[10, 0, 0, 0, 0, 0, 0, 0, 0, 0, 0]",,12,0.1,"[1, 2]","[0, 1, 3, 2]",38,3,Pass_Finish_Finish_Pass
2020-02-29_16:30:31.027534,PASS,"[0, 0, 0, 0, 0, 0, 0, 0, 0, 0, 0, 0, 0, 0, 0, 0, 11]_[0, 0, 0, 0, 0, 0, 0, 0, 0, 0, 0, 0, 0, 0, 0, 0, 0]_[0, 0, 0, 0, 0, 0, 0, 0, 0, 0, 0, 0, 0, 0, 0, 0, 0]_[0, 0, 0, 0, 0, 0, 0, 0, 0, 0, 0, 10, 11, 11, 11, 11, 11]","[10, 0, 0, 0, 0, 0, 0, 0, 0, 0, 0]",,12,0.1,"[1, 2]","[0, 1, 3, 2]",38,0,Pass_Finish_Finish_Pass
2020-02-29_16:30:31.027737,FINISH,"[0, 0, 0, 0, 0, 0, 0, 0, 0, 0, 0, 0, 0, 0, 0, 0, 11]_[0, 0, 0, 0, 0, 0, 0, 0, 0, 0, 0, 0, 0, 0, 0, 0, 0]_[0, 0, 0, 0, 0, 0, 0, 0, 0, 0, 0, 0, 0, 0, 0, 0, 0]_[0, 0, 0, 0, 0, 0, 0, 0, 0, 0, 0, 10, 11, 11, 11, 11, 11]","[10, 0, 0, 0, 0, 0, 0, 0, 0, 0, 0]",,0,0.1,"[1, 2]","[0, 1, 3, 2]",38,1,Pass_Finish_Finish_Pass
2020-02-29_16:30:31.027810,PIZZA_READY,"[0, 0, 0, 0, 0, 0, 0, 0, 0, 0, 0, 0, 0, 0, 0, 0, 11]_[0, 0, 0, 0, 0, 0, 0, 0, 0, 0, 0, 0, 0, 0, 0, 0, 0]_[0, 0, 0, 0, 0, 0, 0, 0, 0, 0, 0, 0, 0, 0, 0, 0, 0]_[0, 0, 0, 0, 0, 0, 0, 0, 0, 0, 0, 10, 11, 11, 11, 11, 11]","[13, 0, 0, 0, 0, 0, 0, 0, 0, 0, 0]",,,,"[1, 2]","[0, 1, 3, 2]",39,,Pass_Finish_Finish_Pass
2020-02-29_16:30:31.035924,DISCARD,"[0, 0, 0, 0, 0, 0, 0, 0, 0, 0, 0, 0, 0, 0, 0, 0, 11]_[0, 0, 0, 0, 0, 0, 0, 0, 0, 0, 0, 0, 0, 0, 0, 0, 0]_[0, 0, 0, 0, 0, 0, 0, 0, 0, 0, 0, 0, 0, 0, 0, 0, 0]_[0, 0, 0, 0, 0, 0, 0, 0, 0, 0, 0, 0, 0, 10, 11, 11, 11]","[11, 11, 0, 0, 0, 0, 0, 0, 0, 0, 0]","[11, 11]",24,0.1,"[1, 2]","[0, 1, 3, 2]",39,3,"Pass_Finish_Finish_('Discard: ', [11, 11])"
2020-02-29_16:30:31.092268,PASS,"[0, 0, 0, 0, 0, 0, 0, 0, 0, 0, 0, 0, 0, 0, 0, 0, 11]_[0, 0, 0, 0, 0, 0, 0, 0, 0, 0, 0, 0, 0, 0, 0, 0, 0]_[0, 0, 0, 0, 0, 0, 0, 0, 0, 0, 0, 0, 0, 0, 0, 0, 0]_[0, 0, 0, 0, 0, 0, 0, 0, 0, 0, 0, 0, 0, 10, 11, 11, 11]","[11, 11, 0, 0, 0, 0, 0, 0, 0, 0, 0]",,188,0.1,"[1, 2]","[0, 1, 3, 2]",39,0,"Pass_Finish_Finish_('Discard: ', [11, 11])"
2020-02-29_16:30:31.092466,FINISH,"[0, 0, 0, 0, 0, 0, 0, 0, 0, 0, 0, 0, 0, 0, 0, 0, 11]_[0, 0, 0, 0, 0, 0, 0, 0, 0, 0, 0, 0, 0, 0, 0, 0, 0]_[0, 0, 0, 0, 0, 0, 0, 0, 0, 0, 0, 0, 0, 0, 0, 0, 0]_[0, 0, 0, 0, 0, 0, 0, 0, 0, 0, 0, 0, 0, 10, 11, 11, 11]","[11, 11, 0, 0, 0, 0, 0, 0, 0, 0, 0]",,0,0.1,"[1, 2]","[0, 1, 3, 2]",39,1,"Pass_Finish_Finish_('Discard: ', [11, 11])"
2020-02-29_16:30:31.092657,FINISH,"[0, 0, 0, 0, 0, 0, 0, 0, 0, 0, 0, 0, 0, 0, 0, 0, 11]_[0, 0, 0, 0, 0, 0, 0, 0, 0, 0, 0, 0, 0, 0, 0, 0, 0]_[0, 0, 0, 0, 0, 0, 0, 0, 0, 0, 0, 0, 0, 0, 0, 0, 0]_[0, 0, 0, 0, 0, 0, 0, 0, 0, 0, 0, 0, 0, 10, 11, 11, 11]","[11, 11, 0, 0, 0, 0, 0, 0, 0, 0, 0]",,0,0.1,"[1, 2]","[0, 1, 3, 2]",39,2,"Pass_Finish_Finish_('Discard: ', [11, 11])"
2020-02-29_16:30:31.194735,PASS,"[0, 0, 0, 0, 0, 0, 0, 0, 0, 0, 0, 0, 0, 0, 0, 0, 11]_[0, 0, 0, 0, 0, 0, 0, 0, 0, 0, 0, 0, 0, 0, 0, 0, 0]_[0, 0, 0, 0, 0, 0, 0, 0, 0, 0, 0, 0, 0, 0, 0, 0, 0]_[0, 0, 0, 0, 0, 0, 0, 0, 0, 0, 0, 0, 0, 10, 11, 11, 11]","[11, 11, 0, 0, 0, 0, 0, 0, 0, 0, 0]",,341,0.1,"[1, 2]","[0, 1, 3, 2]",40,3,Pass_Finish_Finish_Pass
2020-02-29_16:30:31.280210,PASS,"[0, 0, 0, 0, 0, 0, 0, 0, 0, 0, 0, 0, 0, 0, 0, 0, 11]_[0, 0, 0, 0, 0, 0, 0, 0, 0, 0, 0, 0, 0, 0, 0, 0, 0]_[0, 0, 0, 0, 0, 0, 0, 0, 0, 0, 0, 0, 0, 0, 0, 0, 0]_[0, 0, 0, 0, 0, 0, 0, 0, 0, 0, 0, 0, 0, 10, 11, 11, 11]","[11, 11, 0, 0, 0, 0, 0, 0, 0, 0, 0]",,296,0.1,"[1, 2]","[0, 1, 3, 2]",40,0,Pass_Finish_Finish_Pass
2020-02-29_16:30:31.280426,FINISH,"[0, 0, 0, 0, 0, 0, 0, 0, 0, 0, 0, 0, 0, 0, 0, 0, 11]_[0, 0, 0, 0, 0, 0, 0, 0, 0, 0, 0, 0, 0, 0, 0, 0, 0]_[0, 0, 0, 0, 0, 0, 0, 0, 0, 0, 0, 0, 0, 0, 0, 0, 0]_[0, 0, 0, 0, 0, 0, 0, 0, 0, 0, 0, 0, 0, 10, 11, 11, 11]","[11, 11, 0, 0, 0, 0, 0, 0, 0, 0, 0]",,0,0.1,"[1, 2]","[0, 1, 3, 2]",40,1,Pass_Finish_Finish_Pass
2020-02-29_16:30:31.280623,FINISH,"[0, 0, 0, 0, 0, 0, 0, 0, 0, 0, 0, 0, 0, 0, 0, 0, 11]_[0, 0, 0, 0, 0, 0, 0, 0, 0, 0, 0, 0, 0, 0, 0, 0, 0]_[0, 0, 0, 0, 0, 0, 0, 0, 0, 0, 0, 0, 0, 0, 0, 0, 0]_[0, 0, 0, 0, 0, 0, 0, 0, 0, 0, 0, 0, 0, 10, 11, 11, 11]","[11, 11, 0, 0, 0, 0, 0, 0, 0, 0, 0]",,0,0.1,"[1, 2]","[0, 1, 3, 2]",40,2,Pass_Finish_Finish_Pass
2020-02-29_16:30:31.280695,PIZZA_READY,"[0, 0, 0, 0, 0, 0, 0, 0, 0, 0, 0, 0, 0, 0, 0, 0, 11]_[0, 0, 0, 0, 0, 0, 0, 0, 0, 0, 0, 0, 0, 0, 0, 0, 0]_[0, 0, 0, 0, 0, 0, 0, 0, 0, 0, 0, 0, 0, 0, 0, 0, 0]_[0, 0, 0, 0, 0, 0, 0, 0, 0, 0, 0, 0, 0, 10, 11, 11, 11]","[13, 0, 0, 0, 0, 0, 0, 0, 0, 0, 0]",,,,"[1, 2]","[0, 1, 3, 2]",41,,Pass_Finish_Finish_Pass
2020-02-29_16:30:31.281430,DISCARD,"[0, 0, 0, 0, 0, 0, 0, 0, 0, 0, 0, 0, 0, 0, 0, 0, 11]_[0, 0, 0, 0, 0, 0, 0, 0, 0, 0, 0, 0, 0, 0, 0, 0, 0]_[0, 0, 0, 0, 0, 0, 0, 0, 0, 0, 0, 0, 0, 0, 0, 0, 0]_[0, 0, 0, 0, 0, 0, 0, 0, 0, 0, 0, 0, 0, 0, 0, 0, 10]","[11, 11, 11, 0, 0, 0, 0, 0, 0, 0, 0]","[11, 11, 11]",0,0.1,"[1, 2]","[0, 1, 3, 2]",41,3,"Pass_Finish_Finish_('Discard: ', [11, 11, 11])"
2020-02-29_16:30:31.367078,PASS,"[0, 0, 0, 0, 0, 0, 0, 0, 0, 0, 0, 0, 0, 0, 0, 0, 11]_[0, 0, 0, 0, 0, 0, 0, 0, 0, 0, 0, 0, 0, 0, 0, 0, 0]_[0, 0, 0, 0, 0, 0, 0, 0, 0, 0, 0, 0, 0, 0, 0, 0, 0]_[0, 0, 0, 0, 0, 0, 0, 0, 0, 0, 0, 0, 0, 0, 0, 0, 10]","[11, 11, 11, 0, 0, 0, 0, 0, 0, 0, 0]",,294,0.1,"[1, 2]","[0, 1, 3, 2]",41,0,"Pass_Finish_Finish_('Discard: ', [11, 11, 11])"
2020-02-29_16:30:31.367284,FINISH,"[0, 0, 0, 0, 0, 0, 0, 0, 0, 0, 0, 0, 0, 0, 0, 0, 11]_[0, 0, 0, 0, 0, 0, 0, 0, 0, 0, 0, 0, 0, 0, 0, 0, 0]_[0, 0, 0, 0, 0, 0, 0, 0, 0, 0, 0, 0, 0, 0, 0, 0, 0]_[0, 0, 0, 0, 0, 0, 0, 0, 0, 0, 0, 0, 0, 0, 0, 0, 10]","[11, 11, 11, 0, 0, 0, 0, 0, 0, 0, 0]",,0,0.1,"[1, 2]","[0, 1, 3, 2]",41,1,"Pass_Finish_Finish_('Discard: ', [11, 11, 11])"
2020-02-29_16:30:31.367479,FINISH,"[0, 0, 0, 0, 0, 0, 0, 0, 0, 0, 0, 0, 0, 0, 0, 0, 11]_[0, 0, 0, 0, 0, 0, 0, 0, 0, 0, 0, 0, 0, 0, 0, 0, 0]_[0, 0, 0, 0, 0, 0, 0, 0, 0, 0, 0, 0, 0, 0, 0, 0, 0]_[0, 0, 0, 0, 0, 0, 0, 0, 0, 0, 0, 0, 0, 0, 0, 0, 10]","[11, 11, 11, 0, 0, 0, 0, 0, 0, 0, 0]",,0,0.1,"[1, 2]","[0, 1, 3, 2]",41,2,"Pass_Finish_Finish_('Discard: ', [11, 11, 11])"
2020-02-29_16:30:31.478314,PASS,"[0, 0, 0, 0, 0, 0, 0, 0, 0, 0, 0, 0, 0, 0, 0, 0, 11]_[0, 0, 0, 0, 0, 0, 0, 0, 0, 0, 0, 0, 0, 0, 0, 0, 0]_[0, 0, 0, 0, 0, 0, 0, 0, 0, 0, 0, 0, 0, 0, 0, 0, 0]_[0, 0, 0, 0, 0, 0, 0, 0, 0, 0, 0, 0, 0, 0, 0, 0, 10]","[11, 11, 11, 0, 0, 0, 0, 0, 0, 0, 0]",,347,0.1,"[1, 2]","[0, 1, 3, 2]",42,3,Pass_Finish_Finish_Pass
2020-02-29_16:30:31.491441,PASS,"[0, 0, 0, 0, 0, 0, 0, 0, 0, 0, 0, 0, 0, 0, 0, 0, 11]_[0, 0, 0, 0, 0, 0, 0, 0, 0, 0, 0, 0, 0, 0, 0, 0, 0]_[0, 0, 0, 0, 0, 0, 0, 0, 0, 0, 0, 0, 0, 0, 0, 0, 0]_[0, 0, 0, 0, 0, 0, 0, 0, 0, 0, 0, 0, 0, 0, 0, 0, 10]","[11, 11, 11, 0, 0, 0, 0, 0, 0, 0, 0]",,43,0.1,"[1, 2]","[0, 1, 3, 2]",42,0,Pass_Finish_Finish_Pass
2020-02-29_16:30:31.491636,FINISH,"[0, 0, 0, 0, 0, 0, 0, 0, 0, 0, 0, 0, 0, 0, 0, 0, 11]_[0, 0, 0, 0, 0, 0, 0, 0, 0, 0, 0, 0, 0, 0, 0, 0, 0]_[0, 0, 0, 0, 0, 0, 0, 0, 0, 0, 0, 0, 0, 0, 0, 0, 0]_[0, 0, 0, 0, 0, 0, 0, 0, 0, 0, 0, 0, 0, 0, 0, 0, 10]","[11, 11, 11, 0, 0, 0, 0, 0, 0, 0, 0]",,0,0.1,"[1, 2]","[0, 1, 3, 2]",42,1,Pass_Finish_Finish_Pass
2020-02-29_16:30:31.491830,FINISH,"[0, 0, 0, 0, 0, 0, 0, 0, 0, 0, 0, 0, 0, 0, 0, 0, 11]_[0, 0, 0, 0, 0, 0, 0, 0, 0, 0, 0, 0, 0, 0, 0, 0, 0]_[0, 0, 0, 0, 0, 0, 0, 0, 0, 0, 0, 0, 0, 0, 0, 0, 0]_[0, 0, 0, 0, 0, 0, 0, 0, 0, 0, 0, 0, 0, 0, 0, 0, 10]","[11, 11, 11, 0, 0, 0, 0, 0, 0, 0, 0]",,0,0.1,"[1, 2]","[0, 1, 3, 2]",42,2,Pass_Finish_Finish_Pass
2020-02-29_16:30:31.491903,PIZZA_READY,"[0, 0, 0, 0, 0, 0, 0, 0, 0, 0, 0, 0, 0, 0, 0, 0, 11]_[0, 0, 0, 0, 0, 0, 0, 0, 0, 0, 0, 0, 0, 0, 0, 0, 0]_[0, 0, 0, 0, 0, 0, 0, 0, 0, 0, 0, 0, 0, 0, 0, 0, 0]_[0, 0, 0, 0, 0, 0, 0, 0, 0, 0, 0, 0, 0, 0, 0, 0, 10]","[13, 0, 0, 0, 0, 0, 0, 0, 0, 0, 0]",,,,"[1, 2]","[0, 1, 3, 2]",43,,Pass_Finish_Finish_Pass
2020-02-29_16:30:31.538944,FINISH,"[0, 0, 0, 0, 0, 0, 0, 0, 0, 0, 0, 0, 0, 0, 0, 0, 11]_[0, 0, 0, 0, 0, 0, 0, 0, 0, 0, 0, 0, 0, 0, 0, 0, 0]_[0, 0, 0, 0, 0, 0, 0, 0, 0, 0, 0, 0, 0, 0, 0, 0, 0]_[0, 0, 0, 0, 0, 0, 0, 0, 0, 0, 0, 0, 0, 0, 0, 0, 0]","[10, 0, 0, 0, 0, 0, 0, 0, 0, 0, 0]",,154,0.4,"[1, 2, 3]","[0, 1, 3, 2]",43,3,Pass_Finish_Finish_Finish
2020-02-29_16:30:31.599885,PASS,"[0, 0, 0, 0, 0, 0, 0, 0, 0, 0, 0, 0, 0, 0, 0, 0, 11]_[0, 0, 0, 0, 0, 0, 0, 0, 0, 0, 0, 0, 0, 0, 0, 0, 0]_[0, 0, 0, 0, 0, 0, 0, 0, 0, 0, 0, 0, 0, 0, 0, 0, 0]_[0, 0, 0, 0, 0, 0, 0, 0, 0, 0, 0, 0, 0, 0, 0, 0, 0]","[10, 0, 0, 0, 0, 0, 0, 0, 0, 0, 0]",,216,0.1,"[1, 2, 3]","[0, 1, 3, 2]",43,0,Pass_Finish_Finish_Finish
2020-02-29_16:30:31.600081,FINISH,"[0, 0, 0, 0, 0, 0, 0, 0, 0, 0, 0, 0, 0, 0, 0, 0, 11]_[0, 0, 0, 0, 0, 0, 0, 0, 0, 0, 0, 0, 0, 0, 0, 0, 0]_[0, 0, 0, 0, 0, 0, 0, 0, 0, 0, 0, 0, 0, 0, 0, 0, 0]_[0, 0, 0, 0, 0, 0, 0, 0, 0, 0, 0, 0, 0, 0, 0, 0, 0]","[10, 0, 0, 0, 0, 0, 0, 0, 0, 0, 0]",,0,0.1,"[1, 2, 3]","[0, 1, 3, 2]",43,1,Pass_Finish_Finish_Finish
2020-02-29_16:30:31.600268,FINISH,"[0, 0, 0, 0, 0, 0, 0, 0, 0, 0, 0, 0, 0, 0, 0, 0, 11]_[0, 0, 0, 0, 0, 0, 0, 0, 0, 0, 0, 0, 0, 0, 0, 0, 0]_[0, 0, 0, 0, 0, 0, 0, 0, 0, 0, 0, 0, 0, 0, 0, 0, 0]_[0, 0, 0, 0, 0, 0, 0, 0, 0, 0, 0, 0, 0, 0, 0, 0, 0]","[10, 0, 0, 0, 0, 0, 0, 0, 0, 0, 0]",,0,0.1,"[1, 2, 3]","[0, 1, 3, 2]",43,2,Pass_Finish_Finish_Finish
2020-02-29_16:30:31.600340,PIZZA_READY,"[0, 0, 0, 0, 0, 0, 0, 0, 0, 0, 0, 0, 0, 0, 0, 0, 11]_[0, 0, 0, 0, 0, 0, 0, 0, 0, 0, 0, 0, 0, 0, 0, 0, 0]_[0, 0, 0, 0, 0, 0, 0, 0, 0, 0, 0, 0, 0, 0, 0, 0, 0]_[0, 0, 0, 0, 0, 0, 0, 0, 0, 0, 0, 0, 0, 0, 0, 0, 0]","[13, 0, 0, 0, 0, 0, 0, 0, 0, 0, 0]",,,,"[1, 2, 3]","[0, 1, 3, 2]",44,,Pass_Finish_Finish_Finish
2020-02-29_16:30:31.600586,FINISH,"[0, 0, 0, 0, 0, 0, 0, 0, 0, 0, 0, 0, 0, 0, 0, 0, 11]_[0, 0, 0, 0, 0, 0, 0, 0, 0, 0, 0, 0, 0, 0, 0, 0, 0]_[0, 0, 0, 0, 0, 0, 0, 0, 0, 0, 0, 0, 0, 0, 0, 0, 0]_[0, 0, 0, 0, 0, 0, 0, 0, 0, 0, 0, 0, 0, 0, 0, 0, 0]","[13, 0, 0, 0, 0, 0, 0, 0, 0, 0, 0]",,0,0.1,"[1, 2, 3]","[0, 1, 3, 2]",44,3,Pass_Finish_Finish_Finish
2020-02-29_16:30:31.625144,FINISH,"[0, 0, 0, 0, 0, 0, 0, 0, 0, 0, 0, 0, 0, 0, 0, 0, 0]_[0, 0, 0, 0, 0, 0, 0, 0, 0, 0, 0, 0, 0, 0, 0, 0, 0]_[0, 0, 0, 0, 0, 0, 0, 0, 0, 0, 0, 0, 0, 0, 0, 0, 0]_[0, 0, 0, 0, 0, 0, 0, 0, 0, 0, 0, 0, 0, 0, 0, 0, 0]","[11, 0, 0, 0, 0, 0, 0, 0, 0, 0, 0]",,83,0.10000000000000012,"[1, 2, 3, 0]","[0, 1, 3, 2]",44,0,Finish_Finish_Finish_Finish
2020-02-29_16:30:31.625347,FINISH,"[0, 0, 0, 0, 0, 0, 0, 0, 0, 0, 0, 0, 0, 0, 0, 0, 0]_[0, 0, 0, 0, 0, 0, 0, 0, 0, 0, 0, 0, 0, 0, 0, 0, 0]_[0, 0, 0, 0, 0, 0, 0, 0, 0, 0, 0, 0, 0, 0, 0, 0, 0]_[0, 0, 0, 0, 0, 0, 0, 0, 0, 0, 0, 0, 0, 0, 0, 0, 0]","[11, 0, 0, 0, 0, 0, 0, 0, 0, 0, 0]",,0,0.10000000000000012,"[1, 2, 3, 0]","[0, 1, 3, 2]",44,0,Finish_Finish_Finish_Finish
2020-02-29_16:30:31.625545,FINISH,"[0, 0, 0, 0, 0, 0, 0, 0, 0, 0, 0, 0, 0, 0, 0, 0, 0]_[0, 0, 0, 0, 0, 0, 0, 0, 0, 0, 0, 0, 0, 0, 0, 0, 0]_[0, 0, 0, 0, 0, 0, 0, 0, 0, 0, 0, 0, 0, 0, 0, 0, 0]_[0, 0, 0, 0, 0, 0, 0, 0, 0, 0, 0, 0, 0, 0, 0, 0, 0]","[11, 0, 0, 0, 0, 0, 0, 0, 0, 0, 0]",,0,0.10000000000000012,"[1, 2, 3, 0]","[0, 1, 3, 2]",44,0,Finish_Finish_Finish_Finish
2020-02-29_16:30:31.625621,PIZZA_READY,"[0, 0, 0, 0, 0, 0, 0, 0, 0, 0, 0, 0, 0, 0, 0, 0, 0]_[0, 0, 0, 0, 0, 0, 0, 0, 0, 0, 0, 0, 0, 0, 0, 0, 0]_[0, 0, 0, 0, 0, 0, 0, 0, 0, 0, 0, 0, 0, 0, 0, 0, 0]_[0, 0, 0, 0, 0, 0, 0, 0, 0, 0, 0, 0, 0, 0, 0, 0, 0]","[13, 0, 0, 0, 0, 0, 0, 0, 0, 0, 0]",,,,"[1, 2, 3, 0]","[0, 1, 3, 2]",45,,Finish_Finish_Finish_Finish
